{"version":3,"hash":{"type":"Buffer","data":"MUVpHZ67kbsXxsNSB3EfMkRKfS1Xqtb1o+qHfndQHiL3Q0k17Ux9KqbrDr4yMhsMAduBkUSBFH1S7JpWXaDG7t88IqgZdS1RHPru0pJeTZP9RvhWhr1G2CtCcsTKnnA/3NzfvsK4Ln5wdGN3FRDSC81zoUbGbzD4vz1uoMC55+s="},"indexValueMap":{"NFtEgu2JvaUGMBcZjCPiQAg98eBm+uj9/r9Uue8pyL8=":{"valueMac":{"type":"Buffer","data":"VyNoIX5C/vqqZKkYBTeQatLrOneHrMDNZeQjWWK3udo="}},"Pyun4vBfQGE0FKbaAXTKJu/67+g6zVhrmOjdlzElOd8=":{"valueMac":{"type":"Buffer","data":"qnsIUAatVuu/KPOH4I1ucuY7/9Do4F56wgbsmKv/1Jc="}},"WRdN2GLdHGMTLDsk1yyDl0RMJfWosZi2rNoeZhIWR9k=":{"valueMac":{"type":"Buffer","data":"TVvDRszPlWIFJjo8RXt8w9EnQqFnNUoB0ubCdEJDsXs="}},"4ilslallnEFSiEauqx9GT6qSIr6v+Ao2F32Pl03STsU=":{"valueMac":{"type":"Buffer","data":"sU12N5dmP2MDk9WUOl9Y+QmOtztbidhvIqVpV4bvtF0="}},"fLkAwQrbVTB9eOnekMvVekjW/tXy6IgHLS0+0GFnfiw=":{"valueMac":{"type":"Buffer","data":"jkYENJMfL22shvmF+6yYk/KWh426XOqlrkrPQSLowEA="}}}}