{"version":15,"hash":{"type":"Buffer","data":"jy1hClkJuEycKeBxibhc7ArqOCmLegr+j7QY8Ol1ZwFNUsNFTdIwpb/BbxfePM4IIYrqWFL0Buo8QXEN/WweJrr3hsKpD4PdI7zdCo1d3nLKQUhimMKACIhfGHENgqtUWYFnkWnzgc2iRIRq5cHMNl2oVTl13VeZmCtAaDd1kk0="},"indexValueMap":{"D4XbQgRFpgQPoxFu0pSONgMb0Qm3WJVpghVNaMGHZHg=":{"valueMac":{"type":"Buffer","data":"ODBtvpfR5fa5Jy4DCv8RAKAHKs8xBXd+scG7M1kjUVU="}},"FJ87C7PpnZqTu2rsYlrSRkNCs7ZiMQ0QTilWpg9bh70=":{"valueMac":{"type":"Buffer","data":"o7yVDAP+HnVqLEbczYzR+zV6utq2c7yBk85kdCnKGXM="}},"a/QUjTRda9sxTMdkVdE86Jnc+N6VByP+dWzPDuq730g=":{"valueMac":{"type":"Buffer","data":"rVkafO1deUNtB11WuCnR9YHtiHhrL7eUH8O5D0Zk/Tg="}},"hsXEgQ+O2GSVZG60y6r3qyigpgkSu2X5FAFt/E/wCX8=":{"valueMac":{"type":"Buffer","data":"V0kAiEVS+19skambkMZ7bBbsLQm0pJ3d7NKtbN1GK30="}},"lRgsSE97BatDL7uGB+6xbOr6O7IqTNxy86FzYcBZzjA=":{"valueMac":{"type":"Buffer","data":"Y+lNwWy7LDPuPgobxIgILmxwQcVSWhVh3pvudc42XpQ="}},"3fsWP4KZcBwAxPG0rBvOBOJc13fpTHFabpjxSaV+N4I=":{"valueMac":{"type":"Buffer","data":"u3cHAX8IWWkhjKgE1wzY9/qphNKuAC2jzjalE0/LKLQ="}},"ndHB0zUL7kJ/JeSHV0CJVoJ3GyHNRVjPXXNxrgK2vCQ=":{"valueMac":{"type":"Buffer","data":"w3X1JJGmf4BjKxIaZnEI14fvNZEe25G6+iuodVVVs+I="}},"ibxDRd6Evxsw+SRntaV1wer4QlniIJl5BIAYdqGkRN4=":{"valueMac":{"type":"Buffer","data":"hRwEGhCFemM1J09VsrajRG+MDarL0VkyRKw3Y/+v18c="}},"sL9BtvtaOzRzvHfhMb/aOz7lHWfjeU2zC/tR0DSRwCM=":{"valueMac":{"type":"Buffer","data":"ohXtSOtFKFBv3Jnn4x/loZTXv848lr5KezL3yq7TrzM="}},"HRV5WqVlhRKpnVOBsmtsxYVJwbnBW8zD4AuXHbUVjh8=":{"valueMac":{"type":"Buffer","data":"VuTeOfE9AHkRrzwkXFkmZhHylDCYCaKe+ffZ3c5yfi8="}},"46593JHd3/M/t1s+V+iKuf0Oezc8qfhoRvzGLfRJUCA=":{"valueMac":{"type":"Buffer","data":"p1nYkdMKMoz0SHRDdp8pFILc4TaZiqXe12wrJyyOmJo="}},"JH5fIkQt8fKJse65JvB2vJEgiY+CegZuv5p15AChCiM=":{"valueMac":{"type":"Buffer","data":"E+Nwq5Z72142ke2+oE2Pl7fF6XFCq4tK6gdNC1EcaSU="}},"Yuf7a/KgfS/XnhIvsOYzz13F9oJRpR1bPxpeiNLvnNE=":{"valueMac":{"type":"Buffer","data":"xLAb/LM3xLM8tb3JSe+yY8SqoUFhlkRiyfGRICQlrR4="}},"mzvHCOuFIVzA3es0UYviMMKX/sCNUNUyapVHjzYxLMI=":{"valueMac":{"type":"Buffer","data":"cyD2/mwP43LW4MxuNf+UiEgqOhe0eQfTlFcD+m11HNw="}},"Kh9rCUiyZi43YolIFvwdb7r2E8lZILbP1iSs0fUOCEw=":{"valueMac":{"type":"Buffer","data":"vBVRglL8qooc2KisC6cqwQIlxcOGnI+eFGWO5lVgnHA="}},"5Rb96nqVG/8xjXyTCbm0HaCXY8l3xH0E3iC2VM7Lx4I=":{"valueMac":{"type":"Buffer","data":"R2jPCkapyiiQcvKLbsm8o33eLO118IcMJ6TRonTjy2E="}},"P3I1JkjzSS8A0e6UnuCous7paEsnw2ETWbUxZYRHRLQ=":{"valueMac":{"type":"Buffer","data":"nxDLfS9r//o49HfqukYNtkUAeRVhiRH3lkOru1FndSE="}},"Ramnf/DksXdIt8UygVRuAqNsVtVvhBvZtyZKOG5S7Xo=":{"valueMac":{"type":"Buffer","data":"+AVbX0I67vSCc9xTXDe3gRsZgamXgrPDFOKo5B9n0rk="}},"PIwP5YAgYJLwJRRj/D9fgxDZWEZpe/RSPUB9va5Hl44=":{"valueMac":{"type":"Buffer","data":"cYBfKxfF0c/24FK8Ixf84UivfQlFJXv3RYJsmRVitlo="}}}}