{"version":3,"hash":{"type":"Buffer","data":"rzpZBgV8RbQmYChxuthP8ZCfvIDTQyWKPvNS6BG+gZdi2XJM+y240dKCjivE3cBy34RrcCnP+KjwVYOQOIfofYHNQUM9fGGKMlwaqAE3LX2Xe1d9QFMWagjKk32p/mVwLybqimwH/FZ6H7kDnVtEGJKLEHmjiHDC4hAIG8cnbQw="},"indexValueMap":{"AN81rGfTNrDO2sVCtFghayIMPd6YLO2Wx+NenG4bPK0=":{"valueMac":{"type":"Buffer","data":"ZAaRS8/NdBJT2kMTYtEny/0VIJnchlHDTem/BZc4JcA="}},"AXXEKXp26GosjhrWoIJbYg9gF1SmKG+xkBMLkIcszic=":{"valueMac":{"type":"Buffer","data":"RZfxcEHoxO6ADj51kE8dba8ZPNSzdtn8YjG4LbUMzWw="}},"Alh/+2bO2Ea4svpfo7c8/gvj8WW2m8lAbWvQZlaHJBg=":{"valueMac":{"type":"Buffer","data":"5/9LDCEwJvDs1AObqX/Hfg1nujisA6S66N2jkfDs7EU="}},"Aqem2noOvt9JFeFDb/+znT0c8sbDWR3PUohaTC2sOGg=":{"valueMac":{"type":"Buffer","data":"M00YYLJIpPZeU4F7s7q87GmqRBPARzpikExAe8qGJ7M="}},"A85qan7PPvHoUBqc8Wr43px6nhZMIoJtvZLWCdecdvk=":{"valueMac":{"type":"Buffer","data":"CFk397+uxLJltG5fQl899dwyZ5lA8y4L2HzANCp1tbs="}},"BCEQxYpxitHUQnen2+Eo/VRL8yb0f0jv6LViPo1n0Bc=":{"valueMac":{"type":"Buffer","data":"8q+49j2rzAMIbmyyM9YCYSTWmWTKEl0H9T71qQCbA2I="}},"BDIkg8ZJBYP9ssDT4ukEYj2VgwaJH28uJ63ERmsY9Nw=":{"valueMac":{"type":"Buffer","data":"SKRfYocYHkNMeDS5uf1griFhuoLCHGvsj2miExrjogk="}},"BWxcV2hJCmnhZndQ90Ljx9jxkmMStZrHAe/EPD+D9XE=":{"valueMac":{"type":"Buffer","data":"K3BpHzP1oR/TH5FRyehzFSYfG7WHwKqK2VYaxvx9aZU="}},"BjjnyC5NX3OlcYqqtbTwVLC1njKozU+FM8Eo4qoQvak=":{"valueMac":{"type":"Buffer","data":"bwZr+xHqlYfC7PGNoyy8pWo+mFJcuxkvmsnhDKW49g0="}},"Bl0Jva79OCWwd9KDw/4DhlDr7O4+YudhDBfLV4PZP3Y=":{"valueMac":{"type":"Buffer","data":"syTGHl6W1R4PdFUdEPWPAxfdfBiVCsuio/gFLZBl/o4="}},"BsybqB+G/GGwvxJ43aSUtwyB9YssAdKdN252FtAz73M=":{"valueMac":{"type":"Buffer","data":"YJcAWKTTFHH9Y1mKzj3aeRJurfoL/LC8by8PAhlm/WI="}},"BzVfu1W2be2iQALUR7clgYE4g6QtTmliD/yCPW8nf48=":{"valueMac":{"type":"Buffer","data":"3irTVSZYv5XgytE/sZT6Ra96qz9H78M1FW/SNsjI9Sg="}},"B+PWhjMI4kBZ8kPvjVD/62lRK5vjp9Q8R/wni+VnbsY=":{"valueMac":{"type":"Buffer","data":"vh0feDNAi+ioiFuZwLQHsbSedOcyXT4641jXgjPWKjc="}},"B+wCLU8XLeCku7MmgXdUco9eShz8DSnxv9+onMHRr6E=":{"valueMac":{"type":"Buffer","data":"oryTO4+sSLBBHXnfjKYmfpehOU5bnETu/apcYAJhvug="}},"CK0Uhn62YXDfKd02x4ox6UFsSwuL4NyMp3AEj9JiShk=":{"valueMac":{"type":"Buffer","data":"Ihlep6wQLVagG6moGS7/4scwiouYk+wEyNGOLjfThac="}},"CLAP93xhsTXcLsmvkg/+4B+/LOUTOeyWdc49pu6Bf6E=":{"valueMac":{"type":"Buffer","data":"/OmwmJ9fLdhfXrHnP13V89zCtiqIFQTaP0JevlanUyY="}},"CWDF+YTGbA+v2bLEgzCcWMQ3UHSobeZf3qgesZHrGac=":{"valueMac":{"type":"Buffer","data":"W0m73jCuT7yDpSM8FdoTmpS4QO6zZ5mWaN+O3o0H0N0="}},"CXBGXsJkC2vuC8IdZjIirN2wfJ6Iy3/qdHPvK3ofKt4=":{"valueMac":{"type":"Buffer","data":"BdL5h4OhQmB9bzknTW3jVgyz6WnlIKzxQrvNHtrABlU="}},"CX5z4wiCDef1q0N1J2uWcAHF8/dejj/B2+HO3cJHmpk=":{"valueMac":{"type":"Buffer","data":"VJzsrwFPKSzc5+VxPiI6BMImD3cgmCK9RfQrjmy53pI="}},"Cb36uzdJjVCjzPGdpjRfEXm7X65rzTX4cEX/cbCSydg=":{"valueMac":{"type":"Buffer","data":"xuDMbSoLp3YGbGOwK77z64fepl2DjEvLOrcU+8vkfyc="}},"CfuAWeZ7MC5ui4vA/oRluE+ChcdY5lHV41wvVQenFZs=":{"valueMac":{"type":"Buffer","data":"HbEwM5D4Nu9uz3Su/Gvg312Am1rDe2Z/rOcWPmgXCqM="}},"CjQRBKG2oxMZiv4t1/K2peqozRTqTXl/IamZCamCq5E=":{"valueMac":{"type":"Buffer","data":"sE9P+/1CECh/XMQzW8vvKnD0W3cRGzlJ7dy6R3g+4c4="}},"CluvXMFLRKmAV1Vq6AVx06QVdixvK+hZrktcY5NmPnc=":{"valueMac":{"type":"Buffer","data":"8elDz7ul7TbiH8WIQ8HCa3F+oYWJAT0oNACCW/hmlOI="}},"CqhK1Sg4YHHJmLUbHiupWcXSa1iSrK6inUXV8rwxaD8=":{"valueMac":{"type":"Buffer","data":"Y85oXpnxq1znM4xbpwGFXdli6R0iZ5U1mwzHO/g0bgo="}},"DU/ZPko9e3VZSxoGteWXajupJrVbWsMhPGbOHdevh7w=":{"valueMac":{"type":"Buffer","data":"3Lk5vtz275mFtbwkI8wHDFh+43YgpaaMXMjzQocGkZU="}},"DcpfRDpv9s+po6mqaORZ0rNCf6YuPUsSg57VhY4z1RM=":{"valueMac":{"type":"Buffer","data":"iMYcgB7uCtxfH4bQh3PFTgReKuedV+6mH/quoz3hlxA="}},"Dk0uyNvzPf1QfB+ntg8+F8e3sNfFdHbr9klAxTvGeCM=":{"valueMac":{"type":"Buffer","data":"7zD4qNjuNDpbgsMa7BxrAR9IefgFI0Af9Sio+CPdh5M="}},"DrhzQPhuSK9Qjk/8ttlxDQEeqd1TGoev74qAX/aut7M=":{"valueMac":{"type":"Buffer","data":"UfhF1ctYk2sLEIQH2g4VfsE7CakmaLtraEMusT0owGk="}},"DzLLh9i9MYpNk9NSMQOvKFl+epeahgTtcd31N3vqRXQ=":{"valueMac":{"type":"Buffer","data":"lrirXejbNbj2c/8KRVfPgTJuY/rBmUYl1m8iMrdRDQU="}},"EHLByMgsBeWwyxPRspAV/JbCIeaXKBzDBeleESxUazY=":{"valueMac":{"type":"Buffer","data":"HwfTYe9sOCem2/sZ8/T8wc3Oq0eHCJ0As5AkFzrvUw8="}},"EbimzGHadVc9Jfv6QTTjAKz7kBcsD+Z+rg1UCngbTuU=":{"valueMac":{"type":"Buffer","data":"TZi6JuDksk9PtZf6xfVWRzmgBpYeR5/ztEhUD5o80o4="}},"EcMHfPLlmuQbvz+7eFYzFjdq7n+ahqyVlZTrM1e2QlQ=":{"valueMac":{"type":"Buffer","data":"cvEiHnG8YUrbwnF1thQltS9+c9gjYeZhvI1T3X3Dgrw="}},"Egw9I4D29ftp7clusSabEbYdztHxzcxRkKszl2gy4h4=":{"valueMac":{"type":"Buffer","data":"jg72ian6lG5ieA/ZurIAQF1s8M7R2XOdi7SzBBdD9q8="}},"EprvFnByTzopfsrTsx9DfQLwqTWvA0OZTKpvzXzIQ3U=":{"valueMac":{"type":"Buffer","data":"DDJvR5AS53O3y4AJNutN7OUi8ABefLFcCYXHB2MlrgY="}},"EqEehNnRTrduRnwkRhSYfSD1icVhtE5PAyzzwy63HsE=":{"valueMac":{"type":"Buffer","data":"5UlxOjYdOItYzOSxd8A9Kgd7x0pCUO/1z6amEErhzRc="}},"E0AdYTswbTM82FervDqVyK+to4u1ysQEMNuyDMPsxDQ=":{"valueMac":{"type":"Buffer","data":"UB8jK4BA8g4TlvYbFqp2wdQC+CUMaW6Rvss3sY5w2nU="}},"E4wjvF0FGJkas5oQc7O8MOlhV2OxL3zOdtg2xalNCO0=":{"valueMac":{"type":"Buffer","data":"Pc6PTxOouVexbU58TPnw7it44H5bStaRvzX/h1ikWbU="}},"FMfQNH9CogoRmobyWRvdANeAYH/wegksUi8FdG0hUBQ=":{"valueMac":{"type":"Buffer","data":"2Zv49i675HsGzWjbEaR4M/xssOlhuwbh8SETaTWzybY="}},"FtOA7s+tn6nxj90SRNUymwRZo6C+BuiXsSi75PnAV+M=":{"valueMac":{"type":"Buffer","data":"OJk0+L1DIUeMF8STn5cqJ1Fr7La7UGWdQ/B0MnoSsdY="}},"FvEARQq/MJitWws0t/PNSXEJpth7JAziKbs4J0Vsrz0=":{"valueMac":{"type":"Buffer","data":"jNE5sp1TcPACaQoRKaUT16yXFyP5Pc1IvqPN7v9Gbww="}},"F0LOwKnQlBJoUwfTW9zk7MVv/azXEjCwqPq/eppSTtY=":{"valueMac":{"type":"Buffer","data":"8lxQek4Jg5PJ2FfbYXbgwSHQ/oLCKCRs2GjYWt7Ylrg="}},"GHuS1r++v7i+QXtB8+YTl90jDOc3K8I8/T2ZRoGsERU=":{"valueMac":{"type":"Buffer","data":"aySL/asIDQt8S3xkITklq2MhKfh4iIxjAQyFTwm/hP4="}},"GONJGENb4avFN5fp0WDGZGhL+1I5gu1lnQGH0grrXZM=":{"valueMac":{"type":"Buffer","data":"jiJKoRWnsT07KlDId8LPGyo2XrbKTTk+wSvvK1z72X0="}},"GhdxoG+8TFmFa4xlyyjNZAyylS6RnquUmkZgDhCOU2c=":{"valueMac":{"type":"Buffer","data":"R6El7ZvVhoXM/y6aqTQ6s7fHJMXHq6Knamycg72OyGA="}},"GlwFoEu6ZsLreh33EPYgbQ82TG/4KmyX71zIo2/2GWc=":{"valueMac":{"type":"Buffer","data":"wGGgxEVb2awFgglSYwMjfvh44KUcy0wD6/IAptIvXww="}},"GsoULfR31lankeVVc+8T+RK67lF7LFqVmO7a3NNGhw0=":{"valueMac":{"type":"Buffer","data":"QInK7K2qzDx46WUeNbT1uwsQqRKmD/jltH+52c+pY7U="}},"GzlXKBeXN52S7E9ywlvV1yA4EiL3A8Xkcaqv9OhJnpM=":{"valueMac":{"type":"Buffer","data":"cxmpR76tVKH57bTN2C+mhXiQniXOQOCIAMC1CBpaLJI="}},"G3SbFB57Bt97/LHhB9NhL/hDOQLorfrvHqAPrU6++Pk=":{"valueMac":{"type":"Buffer","data":"DxAJ6ZG8tGYZmZ1/v7Z1GfWRIB/Om3kCGhW/owmhkDY="}},"G91762pNSThCDjvhWzLkQmoUnGAQspm92+gr8ap7TEM=":{"valueMac":{"type":"Buffer","data":"+R65KIhSODpGwKfvlO2Ov+XFtsvhVCpseC2aFtSu8pY="}},"G+TnvQ4Bye422o1LbmubhV6n1PSvBuAcW7N3x6OvYd4=":{"valueMac":{"type":"Buffer","data":"ikqHBz6UesSnpV8rQyh+9Dbob9PMZ58XLFx81wZ7oJs="}},"G/uF3wyDeja8zz6Qqdhp7OKJQdY1mK6VjS+hnfo9d5w=":{"valueMac":{"type":"Buffer","data":"gc3dAYxuo7ouOnDZQmyjSX+AopgiZma806MKcYp2VL0="}},"HPA9UfOz8KKsDxPUaTo45vhC1E78c3xAzqQXF8Iyf6E=":{"valueMac":{"type":"Buffer","data":"qOHDS2frjMEzf1/Bpj1g16kcRk5ffOTB9EeB5qmmOYM="}},"HQ25sPBXumDA5gY2znp8HBbh0/btAQXrTKn43o3N4/g=":{"valueMac":{"type":"Buffer","data":"32cVeauM7eEy1tQxfAYgn/FkCFPh6mSGsuhCD079rdM="}},"IGqc60BCrOvjxnbyfPOCuVXrWXRavy6TCI99yTj1j3E=":{"valueMac":{"type":"Buffer","data":"wWlcIkIf43ihyrS5F7B/LAdy4BXbXAs0d9NfCq4ci7g="}},"I0ghsxMEV1lkaI3uVt+0t5r67D4CzmXYiYzytKqQHfg=":{"valueMac":{"type":"Buffer","data":"qY4nhmX+lE+CqiPVtSFdt+78T/6kTWeM9Cx6ONmMdtY="}},"I4auY4PAzA73QuzPAaZlUsD9zhn0iQI42/tcM50g4mM=":{"valueMac":{"type":"Buffer","data":"surtj7C/XJ4BxiF1XxcOTVipB8o5hBkFF/XVulDOCZ8="}},"I8YYXB8UYKxa/PWzt6M2bHz1Q9RyIhiF6HFFalnQ9Eo=":{"valueMac":{"type":"Buffer","data":"Hf2fcSNRY9SgTd10NPiFw4jHsDZn/P7jA60HaHcVWm0="}},"JBe1IDPZFGmkd84VV8SKpEj4s3NTXZb93n8gN8JZARo=":{"valueMac":{"type":"Buffer","data":"w4HsprkdhSEjW1dzK3oVWXssVaXQrtqQndsVf3eO8Pw="}},"JGqfL5xOKDsAgfNAdQBXniHMe6gWjMCopx9zQtYf9Kw=":{"valueMac":{"type":"Buffer","data":"lRgsan/dBkN+mdopuZTCod6XeRGLiCRB/9vgI6ZbO3w="}},"JgkeOFpHkBntYVUvnXs8ivgVMYlEMGeeEQhh/iM8MK0=":{"valueMac":{"type":"Buffer","data":"47icivtStY4PIBfahTAcAD8I2qdpPs6Ey+8bcnl6E1s="}},"JxsirkirxIF8LkioWw8GaLOYE7XZYcFh5Ltd+DUpX44=":{"valueMac":{"type":"Buffer","data":"VvZohseZrhJVM300YED/u3JIFor1eBCKfjlP1M6fyAM="}},"JyDWmaFM/hcXK8lu1MGxnQH1qcZ9TiEqyXGGkMB4Dhw=":{"valueMac":{"type":"Buffer","data":"iHpUxccXAGWd09JX0MRKxp/Mw7LCxFzNeUs3Et2oyDY="}},"JysMANcFOd9rNIhiw7pWs7CEREDavZ3dT/k+kxR5z+Y=":{"valueMac":{"type":"Buffer","data":"NA9tWY2p/EI9BTWILBVjVJHT8Y9nZFC5rLAFLSSxZgA="}},"J3ESwhzCZpIKt8zRQmwsRUH6FLRu3l6kl+EVu7Ko3xw=":{"valueMac":{"type":"Buffer","data":"dXNeuVWlOsEDmzyMOsCcPIDkFEVQE8P5SQU5cSnmhZI="}},"J9S426BKUPMWouXOfKLn99YSKQpQ+KwJvy8SgARumxA=":{"valueMac":{"type":"Buffer","data":"VsQ/SFKfTXY31A58wxh/d5V/i26sXX/BWwv53cSCrG4="}},"KAv2yRYW4lYjifHVkX2dKhmStkw3x/YBvHrWoqApglA=":{"valueMac":{"type":"Buffer","data":"YxkAfsv2tr2thq1eoxqRWb3mmEScruZp1CAW/NS4f64="}},"KCGTSPALRlzvYPIE4SYm8ceqRfhDXXcxrD3AyAlC2yg=":{"valueMac":{"type":"Buffer","data":"SbgDWCy4bcVQTaiLLAb1a+iYbt31Ek5DpCZ2gM7LJXA="}},"KD3gU0RREaMB/oPDDSgnSSuHpvD1FXQvw/otJPihEeE=":{"valueMac":{"type":"Buffer","data":"eQZl4EuX816iuTnlywppzfIYZq54fd5Q0riM7YRnzkk="}},"KFOI4Gty/m/ctz2ILKXlk8g/TgYgq6cNDEUso2c4bEw=":{"valueMac":{"type":"Buffer","data":"6lcFiYB9ckYBh/RAgTo0P9yP7Sn6azdQw3SiSLUQMcg="}},"KGjGXAgX3b8G+4fhbxQKbKmo1nROL5IUCc/RfoTXEPU=":{"valueMac":{"type":"Buffer","data":"jagsMxLdlaG9wSk9V74/s5DDKz60TS3pOH84iwSE7DY="}},"KnO7bDYs+PsBm01y2U5pCyECLzd/VB15OypIg6lzZr0=":{"valueMac":{"type":"Buffer","data":"hf//5T479P5KjeKdJ7JgghFx6QUTxd+nnmNVu4JCMwE="}},"KrnDPv+EgyuPsa+oNJeXpY9u/PiHAtQdgDDQWeO41E4=":{"valueMac":{"type":"Buffer","data":"juGKJlvQrzMTPP091sAehvh2cy0uVZ6fExBnhNbuHxY="}},"Kux8rcFkMThkE2Qg4vsHuEA6p6mjaiNHHM3i/N+m4IM=":{"valueMac":{"type":"Buffer","data":"gMA0r1aismCMGWFvLJNtLURpEG0W7qNPhK2d422DI2k="}},"KzIHxyHHflIHdBiSvXRsJK9Ix8YOtP0TOT0gB+gfRdY=":{"valueMac":{"type":"Buffer","data":"jJc0X2Tx55PsBfrz1Toq2JVb3yohepEiNbjfIdUydVU="}},"K7+ux/qZ2X8cwUq+/83p50+JdXivRMR4BsEWyE0/c7Y=":{"valueMac":{"type":"Buffer","data":"FLkX+rgyoJFsiToUn4g0aX4bVA6DflRtPQ89YYjmUQw="}},"LB/oh1CHHMpt7FptWitT80SUgA7OymG6izsmlfevHdM=":{"valueMac":{"type":"Buffer","data":"6dVRQt8oWKRlWDcoIgsu1YJacASE8vXgGVzJ22/WHew="}},"LD4axiJ8pfRTEtZ79fBJHSN/UX7G/pRiSK9oai217x8=":{"valueMac":{"type":"Buffer","data":"rH5TwlgZlHD5L91NpI7Z2qzLLdMiKRkIYRDOdJr3d20="}},"LS5NBU/OyukxAc24TTpfYOPX7v1MNsX6IUPWM4zB/rA=":{"valueMac":{"type":"Buffer","data":"yOSA+iDxoBHEQkfV+p+tSJCUyjOTLyl9H+FmUkOeTZc="}},"LVzw14mgNc/fO81cR05LFkLvkGqxQWeAxRFGQk99nec=":{"valueMac":{"type":"Buffer","data":"u75ubf1Vd7OWHkpgfeanXJlb8LDm+QhDu8vRiQfjCJM="}},"LbYum44L8RjItD4zpUJsRsi47XrDZYxOR3zO6yU53X0=":{"valueMac":{"type":"Buffer","data":"UzgKZ96IV+lvQbrVbemlmvdpnkJakMMSSebpwNaBy9I="}},"LtdWQDMkX5Fk12tMd7HxTsD07f0wmwrBX8V+hhdT6I0=":{"valueMac":{"type":"Buffer","data":"Gqu1+1zA5bf9rk8uZ+Vgd+IclIdxelUG57ywyxzt/WA="}},"LyExUO9tlruUtUnPx4sAGfJ7Zik97qqYjHsO0g8GLFA=":{"valueMac":{"type":"Buffer","data":"cZ7BmAlbJjJ1eHJ+TGdUvXCIPadrUFHFAXvErNtH51M="}},"L93brfMEfua6UeZp/7/Eye3YvE+ZuYNGIR9x7h25Lvo=":{"valueMac":{"type":"Buffer","data":"A6Mv2RJtr9AlYWmYUl1JHFK/IMw9XoLMqNLrZAawg+E="}},"MGLmrWLfn2Ul15HL5wlybgWoJUg5pk6Q3MVyu7iO02c=":{"valueMac":{"type":"Buffer","data":"iU4+p9Qt/ItfSb+brXcDz+pzNmqUihh132+y3PFjp80="}},"MKokkkwmmxijfK+ogxlJrYvKFq82Nc2/74LXXK6I/2o=":{"valueMac":{"type":"Buffer","data":"O0RRo/iIQQDtZOEQHxwmuPpdDkIvvSE82KfFdBhaocM="}},"MPgerpvbd/FluWJ7PuvxFXH+j/WkFwGwhBYfUvh4HHA=":{"valueMac":{"type":"Buffer","data":"QSfZWaEW9cPRJSrklKuK66sSaDBTuGezVne/2rG6SXc="}},"MadsEcNj0S3UNVA56hwcNA1fkfkUEWu5eNyNMfIKokk=":{"valueMac":{"type":"Buffer","data":"7sjNp1wDtYA89Z6fKvUiA04ReMF1j0QujgXy9ul+8Fo="}},"Mc89r10FiNnZUcWEN5dh1Nmi+k+t8t0YfKXDOtgOhzM=":{"valueMac":{"type":"Buffer","data":"E20CneWE67t7FPev7jGu5KKaaXvOa2NuwxqXk4uYs/c="}},"Mdk5E4HFXweS2CjZS+pKX/lKqowQv6fHwCU/T9eaenI=":{"valueMac":{"type":"Buffer","data":"Ild6/0mJAlqWZS69kBWQzC1b5r9Qqn+WPHcudLG+QAI="}},"M2pGhLoA5/Mj0QPFNRMJqUD+4M+I/zOXn87g5P6NOL8=":{"valueMac":{"type":"Buffer","data":"fbmK4Xkx7oSwPP1a/k7UDZjSci3RSpVHiLqWI8wAou0="}},"M6e/L/bhss/B+zRcazwbfm6S9y7dSFKorj0jIaGPBvM=":{"valueMac":{"type":"Buffer","data":"QEyIOW+6bE3NtmSpuExgGdLla5h+ihcYnShC/Z40j5I="}},"M68WCJ2qEB4GIBBVv/IJr7fo51aSguisYatcCS9HJuY=":{"valueMac":{"type":"Buffer","data":"G7Ih487hAhtGQjr6C2ln6/1rhgZZdAr3gYlt5XIkoNw="}},"NB3lAUWcnZuRu/hBMNf4+LFQ7kptSVVNaQPquq7r0hE=":{"valueMac":{"type":"Buffer","data":"KJ8Q66HlWUw1R7978EmcC0/hE3dEznj6792MAe0UGZU="}},"NGQs1zhoD7juhKVMZNhsYWL7LqisvloaaPmUUuyQTMU=":{"valueMac":{"type":"Buffer","data":"1ZSOqEdt/2v5F6umgSJfD6nGuEG/9Msbj/njwwVvlh0="}},"NVzIdpff4tXhLLNcQsoFwZHj9Ojqd0DmurjAn5xKpqM=":{"valueMac":{"type":"Buffer","data":"2Sx+jtL0ITZgi6F7D40LoOfTRr/pSO8PmzmEps5bQgs="}},"NuzHNsxEykrknvAERC8Fy+EyrX9Y+iiBxHKJpN+t/Tg=":{"valueMac":{"type":"Buffer","data":"rbunm75teD5eZTs1LhBbKCPQ7xgpDU20FzcQ7cWDk4s="}},"N0V2GzV/McbJuJGDmOCXI2E4ODTD6T3O4d4Xs+HntOI=":{"valueMac":{"type":"Buffer","data":"uQ29MWtz5xoH8ouQdPPfeLlFVZexOyt2KrWggBLMCd4="}},"N36D0c5DcHR2NaAr9OF9aq58nfLCzlGHJQZdycMP1Js=":{"valueMac":{"type":"Buffer","data":"CqNv1DS7Dq0dflbzFYSbsMCtL+BHJyd6H1+7RGVBSgw="}},"OBxeWyVIkz3wysrvonh1k1UMyqKcJdJNXTox56FoBKI=":{"valueMac":{"type":"Buffer","data":"ESe5F0AZ+byjbBRC4ETMKtmQ1rfPECinS9aobT10J4Y="}},"OOfk2Q+myvijMCp06yxjzYePUkIooKOEpThTG4xHSZk=":{"valueMac":{"type":"Buffer","data":"GQBEtEEo2j8rkBnC+5etNo9Uyyqh0RK0TS9U5itGRgQ="}},"ORq1drVRRuZqjsejbEXlbLFdwx5qPwg0XHB+5Qz4Jaw=":{"valueMac":{"type":"Buffer","data":"cY/dl77djz7aBXprfP9uEGE3ctHSkeDSl4DlE7RLjHI="}},"ObEmQTf5k2w5waRbil8DiJ1dzW1DZeTFLO3Oae26QEE=":{"valueMac":{"type":"Buffer","data":"pkXvbWyK9nVcE7qObJpTUuq1SMemKGz25GE4Va4z+z4="}},"OzGhDAPajVGE0kaR04vVNg0fb2eiNslByUvjECV21To=":{"valueMac":{"type":"Buffer","data":"ukFU/qaEKY1bOk1mCZ4I0OUFDi3vOGn1JIozBbEfgvg="}},"PKJBbcpRBefeG3FGJYeOefBKiloTaFSvPdfTfIWOskg=":{"valueMac":{"type":"Buffer","data":"Tm/82AY5bN4dUAM6qyNRyKyJrVAqF//jjPMbNpXrzlg="}},"PX77ofBujEgdT5xuVNP22Vp+ztBa3bzRzdBJNk0EWa4=":{"valueMac":{"type":"Buffer","data":"GRJPIEoyBGIxizHsGSVVieRnwf+I4dfMdY7ZzDfdH10="}},"PddEJjLBkNmCzyGvTX5P9nbVIn5YeNXL0IVR4scwBEM=":{"valueMac":{"type":"Buffer","data":"vkNo4CvgbvIv/HNaG6PNjibTXtmkmHe0FLEm71b+7nQ="}},"PlcXLRvsY5mONMQsAkb8mAmhgRe0cDdxDddagGvf4eQ=":{"valueMac":{"type":"Buffer","data":"9IgUN0pqgE9SRfe20XptcdF33SS/MYgp4nPGp9zBXpU="}},"P2/KfWx6VUvVCSTEfZSQPqXIhxmcaSwGk/xrKKT+3bc=":{"valueMac":{"type":"Buffer","data":"J8+2ONmVJUGDhZWlI5mfBXZCEv/6XI4j/pdQb2iwdww="}},"P8aR+5/TLG5RDOx1sFI6Hr0mc3T4OnAP4zyyllEJpWE=":{"valueMac":{"type":"Buffer","data":"cKD/eqGcDBiKz+xJRxBYuXLQyXnXlEGeDxEcAaHgqbs="}},"QRyxwMvKJ9dl/F90NSQObAjujGugaJIAJ7M7AKV5H1I=":{"valueMac":{"type":"Buffer","data":"MP1dpK9EuX/5VTfDMoTGXUsz1sNs9jv8nSmHFR6Xnnk="}},"QmgHiEUrLOzTdMpeyKND5yoFkVH3CeRenUKq/T/xHfA=":{"valueMac":{"type":"Buffer","data":"zbt1mj/i4jyMWadJs6sT/77cldNfZOeHcKekN5+C9cc="}},"Qp8WBuKGRb2v1SaKklV3Hy8V/xjEj18HmSWs/ER+O2g=":{"valueMac":{"type":"Buffer","data":"NSOBUNY96H8ya2OPjyFYchXOxcS8q5JP+DY8ZUPnoSo="}},"REkd62oSmXYOERCgll8x2S7POyP9TtLfHD23RqJmxjk=":{"valueMac":{"type":"Buffer","data":"2yqiQkFj6mVAQi64wTrfbyuKFKlwmO5ver969Mc5FcM="}},"RIWj0a85++2UFIDM1R0kWkd4xunfApjgiDTMWUe359E=":{"valueMac":{"type":"Buffer","data":"IPKE0/DNBXCXFYQwMYGOhfk0ljzIJaQwdmpZ2eDxCSU="}},"Rpk+9ezEXOfY3qslexKtF2g69h6l8GprcRyrOMOsABo=":{"valueMac":{"type":"Buffer","data":"FTlW60VhHBJp1B0iX77M6QZv3pnUuoHSdroNxED+hK4="}},"R+8lWuZzhlYMgr2flMkMko2uAz5eY4SvqAZqSnf5HNc=":{"valueMac":{"type":"Buffer","data":"qu2Mb6XtclkOpBlHLZsBjiXFx+SGl2k54n3oRF0Yh34="}},"SB7UNWbBj080CHFCg/hu0Smfd1o33G84J1ZCJL+dBLY=":{"valueMac":{"type":"Buffer","data":"m+nMK8lpa7yOOIzPbff4tKYfQZjp7ThIpAENHymhuGQ="}},"SMo47600ceYaXl+UDxFx12sHsxMhPoCvxV49bC8rpN8=":{"valueMac":{"type":"Buffer","data":"fDEQDARfU1+jk6Bv/YulsVFH2FBmBS+iblyChi2gutY="}},"SNXfFmyzefmbsC/Ex7GtIFXeilHcij8gRiPpQtpw4l4=":{"valueMac":{"type":"Buffer","data":"WjKc2qhPzG9FdauLaO478m9/vMjBtrgKcEA1kEHE1eA="}},"SUdggZfUGTbXr2Y+eoC3VWcLsVXTgxg7wSPF7OEIdYg=":{"valueMac":{"type":"Buffer","data":"czzzvQaR4fj38A1cGL792SIHUNRkYP8H8TYZLNHt94k="}},"SbXk1AD4ZVsSe0WGLgE8Xh1h0LQ6A/h+6IO4Fe5lUEI=":{"valueMac":{"type":"Buffer","data":"LW7E8GAGeScLYq0tWvlJdSp09A/7jk6r6Awvy/mjuac="}},"SrrbNWUeLGSNoAEx+X7QkvHpDW2RKoVFmdGIrDSu1+s=":{"valueMac":{"type":"Buffer","data":"1C6LlkN10RN0cr5+JTPczlHsjFju9arhV3005nJAWLI="}},"S1qE8oTNKI7v3JfWrZg10MPf2OpCE5z4FU4HM+As13I=":{"valueMac":{"type":"Buffer","data":"10Y6xurwmpcMVJAIkCJyw+TcxcfvoRCGh2Nw2QNCTGM="}},"S+jqvqy8VFXEX8FWwe8OBfvhZfmQpT6EceyirrAq5I8=":{"valueMac":{"type":"Buffer","data":"nMIXRuYWCMZVXJIg002FGhy0Ulf4N81S+IjXcwSOmNI="}},"TI8Vc9PC+JlUNAbSXlYycDIHBjsvCDXVLfhfWt5ZLNI=":{"valueMac":{"type":"Buffer","data":"azkX08FLbVL9BVhK9iwHEViYRh23wyvIXDoo2k/bqKU="}},"TN9Bje9t9Z7MBh5ggtFhOSrwUHtdEp8Lgr6fn6hH52c=":{"valueMac":{"type":"Buffer","data":"tT5swj5ZuiaN7WRRWJkKK4+czxJZ13MIRjd2qwIPXEA="}},"TPrDA4194VdtLJK4HUVi+ysM3PstBdAB+2R1V0FDzBU=":{"valueMac":{"type":"Buffer","data":"3YNm7HOVitegSH/Zsz7u6sc99F8whYGVRWrwNwdNsUA="}},"Tb3AUoTacOciNxaO5uEqHr+0dlsoDNFsEgiAcsAg3Yk=":{"valueMac":{"type":"Buffer","data":"PuFCOIAnBTSJ1wqwdpjXvynZ7fHsq4qrCkQ9nAcUDoQ="}},"TehDWmtq+5KW0TdgtDls2/g/3AxR3vQGzKogD98Qf1Y=":{"valueMac":{"type":"Buffer","data":"5bL6K1aMl1eHgopstXjN2uesmiNjTk8XXvzZQgDlAQM="}},"TfD8k2v2BQ7j1WfXxZ4inAbvryO4deP3pCucGwverFI=":{"valueMac":{"type":"Buffer","data":"M03ngMbgJx1ux1m9Nyor8PuVRdCRzq4z+nyPrpNVGcY="}},"TiDAXBDlld3k66EG9n4PD6/eSZN8UBExlCAN74drXOI=":{"valueMac":{"type":"Buffer","data":"LcUWBYvs2MhgdwUn3REqEZ6A4zEvK+0t9gCZ5JTafNE="}},"TyDxtBblOoTcfwHYSXrhGeA9l/2Meqzf1VKRZG8mW40=":{"valueMac":{"type":"Buffer","data":"Cgr/mZDXE6VCwTDGvILpYRgwva3B7UDX2MUlx6pp/50="}},"T49TBKEobeGfX7cwOpx2SWOeH5RWgMaAx+rN4Ro+Qfs=":{"valueMac":{"type":"Buffer","data":"r8/I8rocgbV1ZW0y5y0TfcILKMXK+81RYeyZNBT6WSs="}},"T7YLs73/cEf9DulmcaLXLf8smx+2A4E/hpynSouIZIM=":{"valueMac":{"type":"Buffer","data":"c06RnJm75Ayaad+opA3iX4J3gpKlMnjqTVrsWe5B6UI="}},"T+dG6ntvk01EealppShbSFRZDUdkXn+24aOGrA13/Jw=":{"valueMac":{"type":"Buffer","data":"iJRZ9hjnhirrcRi7wFSJ8TqlPADmq9MECNGV4XMml04="}},"T/2E5mTMsC3kBdYb3zWL2taFAKzTpbhYxr1hsSd591Q=":{"valueMac":{"type":"Buffer","data":"fpZG6ar9RR8m1+j0nsjczmx5eERElmVZmpkwLcb3s44="}},"UAUuQZGa6oYLwe01RgNPz3hKbaQNzDtwRXvpWXxPASM=":{"valueMac":{"type":"Buffer","data":"TTF/z+mMsj0hzsk1gAsBq7cJsc3Z6X4JMsgrsA4D9ng="}},"UBnDs5oK9jTw0JzIMbGJ5Ew6HhERFC9GVKbDuH1dy/M=":{"valueMac":{"type":"Buffer","data":"WEVzj4Z/UJSqeyRW/eWUxfoJyOEQOCLQZGiMr/o3dUg="}},"UTCXvO1n5K82ofdBO4jcFVeqkLUYPEVWKE2+hkEgekI=":{"valueMac":{"type":"Buffer","data":"pfVo1z//xdwifw606CIFPZNff/37C3d/TDRKH13pLok="}},"UjmYystK3qq70JEUHlhrnITB9dmlDCc1Q+XH0cF0mv0=":{"valueMac":{"type":"Buffer","data":"5ZEUK6G2I20DUHpdVYmvgP63B8VuokKn6YAODLPWsB0="}},"Un5FQr929ZQ2bj+S9OD3a0YvN8pZIxt3zU09OVXbauY=":{"valueMac":{"type":"Buffer","data":"58bIbBKx+kM0MBc02VMnXTFMeETLMoZjltMNnsXYCco="}},"UohXmZkrLz09rPo/BeQFt7hXX03yubiNW6FnpveSwGc=":{"valueMac":{"type":"Buffer","data":"dixJuGV4ZhFwW0fsXqTbYOIqrZvMJNJB8hq0KH4bPRU="}},"UprjuPOG4g7ywyzAM5Tgyps4mJymk+tzV3Dv3aXqGSQ=":{"valueMac":{"type":"Buffer","data":"lRasmztXAnvdATin9n83YFe2ZQ2Zgw6f1dfRcjbhOnw="}},"U2NG6scod2IYE2NPyRyEVTi70q6HmcNYSVsaOcnKDsw=":{"valueMac":{"type":"Buffer","data":"QJVxXsur7SiQA0pjYFlLQWHWIY4SINk9jTEzvC2yBEo="}},"U6AcyisM94CCPgrg7ECDPgKRPIaL42+V0HAIO59hVU4=":{"valueMac":{"type":"Buffer","data":"fBMuohBlaBrU9TDC8dIp0hOmNsVwcGXHuLtu0sAx4Qc="}},"VEnuZqP8zZhDB/cC2no0xK28bQ1wcy4+4tyRJeMaPBg=":{"valueMac":{"type":"Buffer","data":"IZpSbQ2RX5Tq1BPT8pMx9ZNyqwZKPTXN3iGrVRx8iUI="}},"VGw0wzyo84c45OV/uvSmVa1CH1Fyh3QjLc70LTK/VKg=":{"valueMac":{"type":"Buffer","data":"RYIfO1ejaV+bcZ3+lsOPFAvlfU1W/hYYSj/j3PfLVmI="}},"VRHwSvjgQTWJtVKl5HptQT+VEaTUDbDZc5WUjJL2DLQ=":{"valueMac":{"type":"Buffer","data":"TYjVjltaK0ryoZfGcol1ZdMk7nktmkqM10PWXyAChfU="}},"VSeVbjTb5W9285aJM+2XLW6ZaZgEANUqSOmmvd/Lrg8=":{"valueMac":{"type":"Buffer","data":"mRwKbUNHiqEd2jb1zTMd4V8KLk4gDFIRHxz1+KynZPA="}},"Vam8Zwpt38bScGiW9AEkp8gEv3VxDdvLN1qPyFEPUkg=":{"valueMac":{"type":"Buffer","data":"sVPYF2GkW9aZj0AX8OTlkIh+2z5aW3Sq4GGMf9y7U4U="}},"Vj/SbKRpuiYPYnsOMuSRWIgbplk19ZjzvQ+np/212XE=":{"valueMac":{"type":"Buffer","data":"ZTiP+NbXHK4RXTuhzjVNf+CcyMh1d0sEQDbf62w4rfs="}},"VqGt0492ScNwbbBuDFi9bOWnJCem1GqJRFn9V5uK7Jg=":{"valueMac":{"type":"Buffer","data":"Dq2be0YVbSCkO/wpGu9vf9h61RkI0/hQNg4/vMzdSKU="}},"WCv6m7goTKwDMKORijkEco2ruWjqigEaJoRSZmX5pqk=":{"valueMac":{"type":"Buffer","data":"Ca0aIauAUco1+Xf4M+mezj0tZ7+aHib9TJxa+852yVo="}},"WE513TPOVG21gd9RSM0oUQXNDl0QD6H80ZxwHjt0Grc=":{"valueMac":{"type":"Buffer","data":"7XMPdV24bfFdMhkZy0wRiwDqxDodY6flN1jwdcStA2Q="}},"WWL62wAp4J+YwJy2Q5uSc/ey+5W6NcUjl35Bf5ElKvY=":{"valueMac":{"type":"Buffer","data":"+Cx4p4peh7aL6mocpW1Xmi/n+AiUk8YM3gTiK3QIf44="}},"WWq03gozrDnFSCKuVarIzk+vWSI3y2YKZ3LIy0jw8vE=":{"valueMac":{"type":"Buffer","data":"92yFAxBeT2VBCmuuHpP+OrqFx1gl97KgZ8l2izwdBMA="}},"Ws7JJX3i1lI0aFiDROh+3diseEe0+9SYMZ28NnoHnoI=":{"valueMac":{"type":"Buffer","data":"fUeoRnmgqvJ7xIYW37tmgSFwHKwohyeNacdnluvFGc0="}},"XLmKzL2GADVUL1oNQf2E9pzsJoOHzcG76HwmP1JfVoU=":{"valueMac":{"type":"Buffer","data":"TT8MP38hi8o981JUWH4PzCHmelqeXKwpQMiwkDf6AoM="}},"XeMMybkx/TdeE3LjA+XaXSNJPe6LyaeQlTrwbCHRM+s=":{"valueMac":{"type":"Buffer","data":"mRuM0vajVXfMc3gikU+potStouY1LLkd/NLgLH1928s="}},"XmOCa85YjAuEU5bqKsw8HzcD03aNpJxm9JgcQk5+DD0=":{"valueMac":{"type":"Buffer","data":"k81TsTOxPZUDx/hnZhSchaxLJfaOXxe/VGBYT/2EACk="}},"XpyG8De9hkjZ8T413DgvZO/f7xiFUrP2rf7Y9VsUmH4=":{"valueMac":{"type":"Buffer","data":"44L1OTDaBu8zII4DQ2BaAFx2t+1FY+E80m0tJYU/M8E="}},"XrOIsJJoMCwDVpy6gAHAIMPZn8pOhwoYGuKQ5sQyjMI=":{"valueMac":{"type":"Buffer","data":"AaPZ1Du5NaVdTidjR228kXyXnrw1TUigUz8uBYcEPKA="}},"Xt9qFB88qLeT+dxPEJwV6I4fJUuwEfLnKrSZmMaxiRc=":{"valueMac":{"type":"Buffer","data":"wQxgVFYJ4r4lAeU6B63rXvwHPhKfBKRBYqhUjDRf/Y4="}},"X0vTKCpBMQiRHN4YpEOthqTotjBJ3yUrMCF/75Y57b0=":{"valueMac":{"type":"Buffer","data":"JJ17om/KN7O21tyPNlpVhn7LsgGI5CF71nXSqgKt1N0="}},"X7gNQA4sqAwYhvoZx+KLoXALJPbb4HE1PkDZRDJWNt0=":{"valueMac":{"type":"Buffer","data":"BTiFnC1Lz4hKVDlNI0JctyxyhP1IPH0DCWkZ4TKoVMY="}},"YBDiEIweCAlBOqBsm3BnFLGTxpoFzeZqUYfhfJY6Mdo=":{"valueMac":{"type":"Buffer","data":"zU1TtD+K0AzJegfajl9iH8coKNgru6E66FVobGvGShE="}},"YOjQjOxFW4z70mVmq6mHWOTLDm1rOwvmrjBn7Mi2fZU=":{"valueMac":{"type":"Buffer","data":"mH/fvEfk9CXLBst5GvgKYfVGcdcsmELOtrwT0mP07DM="}},"YnHYyHbGMEk0pZMBsRx/R8qB+ZQHe/l0Dvco47/EpB0=":{"valueMac":{"type":"Buffer","data":"fBj5CO1QEakr3OJ+Wu1VWDH2OA2lClVVKpKv2zYhVwE="}},"Yr8XbUej3/399SWiPkZZyBGSkuj5jtSLx/u/l2wHEA0=":{"valueMac":{"type":"Buffer","data":"bW99xJ4u5dd5DdWvmNPXTn6wnjQLTFrHPaniOntvpuM="}},"ZBZm9rwGy3lnPHrwGn+GjsiCSteQU1Gq4EYLdwAuY5Q=":{"valueMac":{"type":"Buffer","data":"W0hJB+S0r16EmSoOyhW6qIz0f8TyCG1yJGHmkrOX4U8="}},"Zjc7OJNrNr+b+PvRygy53UcrGrQ+JKWVkAF5+9X0HmY=":{"valueMac":{"type":"Buffer","data":"yeuxgNaZ/Mqn8fA82jltMsM/+Mobz10BQ6fygHX6dv0="}},"ZjpNcWj6qML3XtPO9EEWK1YqhNcxLMUCn33AgXkh+OQ=":{"valueMac":{"type":"Buffer","data":"Dehx6Zvfi9QTOGfXos6Rk4mH2qxmw0BXHmuVCKGtVYE="}},"ZnwqwLXNZeEzLNnxgkvIY9ajpwiB4VLFERck/+O8NrI=":{"valueMac":{"type":"Buffer","data":"oII8nEF0KUcR74HFczeGjZvS9GvPT2W04BeGe2PxEpM="}},"Z4mL7kJmOdDOWiF/KQATA1d4OhwWTgFjzG55fy8R/JY=":{"valueMac":{"type":"Buffer","data":"BOOdvl0tKIFUs5ABPqiCH89BcdN+9YqKPYl1Blh0blc="}},"aBrR7F7s81zbBDhxv5w7plaSrusoK2eLcWf52X61uVc=":{"valueMac":{"type":"Buffer","data":"fCJyuW1SlyTPhwJMtdY9T1XqWB72laalecgYFRxukkc="}},"aUJtJ2Jog+CTqMA7SPPKxgkctBburh33o0xfX4g30P0=":{"valueMac":{"type":"Buffer","data":"grn2dcjd+z7FhMThnNiy1AvWoelzmTA6E+7+uast2Ec="}},"aUmK21o6GSe1Q6JHT5tlrFF30NOOQUibswVIygRqSuQ=":{"valueMac":{"type":"Buffer","data":"HCnA6efpEik5WrRQqWElJ5AqbVJUwt+la6k+9aiDaiQ="}},"aZA3tP+5iINQUTM+INUdQHMKlHGMWFkZ7af+9oBEx3U=":{"valueMac":{"type":"Buffer","data":"brjntLHL78AL7hodznF5NDe/nuy9hE1/6erAOpz9IuM="}},"aZDqVWIMTROHDd2DzYBjOxNaXnXamwsURIUCJutHh8A=":{"valueMac":{"type":"Buffer","data":"SW0Rl2iMS1yZpacmMdKXagpTxU8MBe5yP5kbkkdXzQ0="}},"abnFl2HLdvpyiT9DnEEMlUTjqg2ehkmLCBYyZUcDaUA=":{"valueMac":{"type":"Buffer","data":"jIknYtbfLLd6dZ5fLTETP0NjP1xlxo27iUQRTs3Dhow="}},"atouFeFV+eVf6dCOk/WWGv3n8i3pu1IVdZcb50qcU+0=":{"valueMac":{"type":"Buffer","data":"SmDZVCuupHSRw97ifiB+afcsUIqoi9EkkbngU324CNA="}},"ayl5UbeHL0QBwnyx2uUVawdMnY4X+S49tuDcYYHiLoA=":{"valueMac":{"type":"Buffer","data":"YsIXWR5wc9ItBVJhul7ts7PGP/fyhehuKZh9c2B5tZk="}},"azR/p8xF/PRPKTcgh6jOqI/2aJqc8wsFLwcMFLtkrfI=":{"valueMac":{"type":"Buffer","data":"4zYNmtFeGioS+lD1hj9s07k0CNmb+W6GeUWbUSpeslI="}},"a2c/C7DFzVwnEad2/WyrYwCVoq/gqVfMmqQtqjJG9lg=":{"valueMac":{"type":"Buffer","data":"4Pu1ANhLniFVaN3hrGKGsk/PDfui9I7KYZYdOW67O6g="}},"bERQ3dOyRV5XY374iyp5Kgm2Zpl7g4kq4ZyTdSCtZ/o=":{"valueMac":{"type":"Buffer","data":"5KPMjRc3IbNVG1u3uefZjSzLBwOXHwmVpCq16miuXFE="}},"bF9bPPSyvuFxHA6phcOu4e0s6nzMGkLVJ5uEq17V45k=":{"valueMac":{"type":"Buffer","data":"Ur5BR7rEM3al/eHLakYwAy3CSRjRxVWDAjqP0rNc1Jo="}},"bTDpzQAjxRyhU7gSa0ezhCEtPvAuhnZFkGyCLHB+MPA=":{"valueMac":{"type":"Buffer","data":"iGxyQN0QNE6V2IMZmc7rtOJUM8Z6VklRWZHCTAHCIFY="}},"blW1REZEj6A658FJpagWbKX1ZviOCV8jvnfl6lrlqfg=":{"valueMac":{"type":"Buffer","data":"FHQAoQWS6Dt1m91zNsb7Zy4Hy4U0UWtbZpmjJCHi4D4="}},"b0LPWFiP5PelrJXCHNlY50uvqTCZ2pnEVVODT0lea7I=":{"valueMac":{"type":"Buffer","data":"aOsxqh4oKcMjZ9uL+NlFHT8y8xgepCwUBXAF24Ub1qM="}},"b0bHEJAuXPED6bLdK4dp9VwcLp7MjaEjvJ4px9Y8L1s=":{"valueMac":{"type":"Buffer","data":"fCAyAFeBjGcZfK2d9sVrBqIA79jw0WlqzQPWN8n8rQM="}},"b8fgIG9BPvou54eSQg/0UvITrkDvxb8qX9mlBXNjE2k=":{"valueMac":{"type":"Buffer","data":"JWhG8yjZk/huJCHpzRX2K9aQdAIrWW/wAOmqK8qPoec="}},"b+V+v5ahs5ELEeFcdog4MJtE1bNRGMB4iJnXLXxA32A=":{"valueMac":{"type":"Buffer","data":"bR/17/C8p3iVAIDPvL6q+i1mqm84Wtq5RN+msynFyN0="}},"b/CPKdLKtpB5SsBfNgiG0oPsIzCApaJedXc1kyu98vY=":{"valueMac":{"type":"Buffer","data":"qq8f+4vQsnAmyo7MjqiiXCLosTLfQWdbRYMbyPraH+g="}},"cJMX/3Flc668FzqJkRrQeS3z011YCPiN93t8RW+8fK8=":{"valueMac":{"type":"Buffer","data":"H6JD6WZtHSPbk2vfYbu6rVxtfnpPkIviHwlGFqvp8aY="}},"cRpv0lArsbTI8SuMg+iEftUh7TYzxrdTp5cFPxFo3rE=":{"valueMac":{"type":"Buffer","data":"KitKpoJJvHgPxXR5H7iZLlWBU0QCgFghGycohHKGAVQ="}},"cSSr1jIuEMCXluq2AiYyWoAG6bx0WhJk4n0X6sGRFEs=":{"valueMac":{"type":"Buffer","data":"IUmKgWyOvRiAm7boilS6Ut6FtTV1vhZ+McqrMN0WuDs="}},"cb7NeaF+z0akqSlF1hwJPAbkOk5H/4bec9EaMe4cfrg=":{"valueMac":{"type":"Buffer","data":"EhKimDyIeKp7I8wX07OsExoRXGrL/a/uj1SPpA59Mjs="}},"cppt6v16/CdAp9hQHjZzKA0jQO9PX5k3b5ADLMEkYEk=":{"valueMac":{"type":"Buffer","data":"JqgWvcYKtwiW3UecBGXz0439c9SMn4uX4zTOFJ21Y3c="}},"crIeyQ9KNolDO58rJ694ckV4wmdQzgnWiRUWqWOrSYY=":{"valueMac":{"type":"Buffer","data":"XJE7ZnDyV8EhibgILXs2EgQ5W75MeryQbNG0VSjTRF0="}},"ctB4YdqZz47KZTYtE+GC82xWMswecbUuA7Pnlh0KTDw=":{"valueMac":{"type":"Buffer","data":"uqK3Uc6LTCYAvzmynruwCjoXakyEPWdz1lExKdqUMsM="}},"c6tDwhsqYz5KMDaA+gL7/gcypQ/Zx4Te+3hEXuFospY=":{"valueMac":{"type":"Buffer","data":"eDDTl5dsmd5AbX6FS4P5LRov0dgKv/M6H1sLtEthgEo="}},"dOCnVYe0Rv3bhCpHhs8d4pcfoGkuOF9lAFhL1uOigVk=":{"valueMac":{"type":"Buffer","data":"7K1+9dxN00gu8wKMSVnks3IOzjr2hGJ1dJjKWc9+fn8="}},"dWxHWwOQ6eL5Oy3h34i2mbsslt3Ln01lospO8M7mKbg=":{"valueMac":{"type":"Buffer","data":"Wgpx6mjg63lctb5pkiOemaiFM9bujrRsCiUMqoMn9f4="}},"dxGRdU+NoaVotjFhGFrC0oSL5WYyy7Vdat0E05O6AcQ=":{"valueMac":{"type":"Buffer","data":"Q633NbZrSwl4TZrvkWwZmHq16v/3PUWln1GE7KgQsB4="}},"dx7LKviPuMyyrMQtqXn9WcPdqa7monVw6dExeGT+cQ4=":{"valueMac":{"type":"Buffer","data":"LMi2hwj2CnAAWlsnsMgTsJzqy8O3S5vVWR7ucjg/9jc="}},"d5UhuxJzMLnVfY+1t6kQjTz4QcgiP8vkcCXivRCr9p8=":{"valueMac":{"type":"Buffer","data":"Zzt99Tk+72uydKHnca5v+kNRRLhqeLNrixVjMIAaFPg="}},"d7VU4ldDrsJlut9OkiGq/jfjwBlNFQOl3kIOTkhiSyY=":{"valueMac":{"type":"Buffer","data":"EA5PJojNiC1ncdN2C6z1XVyp4pERxT2G9Su91wGT4xg="}},"d7oMbP5i9Z5X4ADiVRREix7iFu/eCx+pXnDaXhuLB5c=":{"valueMac":{"type":"Buffer","data":"ZbTHVRn1Nly/pb9SiKxAU1Teo7XRHBVwhXPBRIUtZPs="}},"eWHysQsTW9FshzV1ACNPi40xVlsqnvng5HisL5gYdSw=":{"valueMac":{"type":"Buffer","data":"ud1N+a7/VidWp/FhYZh8FPzsa9Joe2YK5A9ZvPAFDmg="}},"eYq26HqdtgPmaWQOul7HOgHUEZr3/jyn0nDEr5cyWE0=":{"valueMac":{"type":"Buffer","data":"nW1F9gXx3zPIhECHynmRUob9E9eSgy+69smXEFDoe3w="}},"eshnSOcI/rFykVYQHisZg04zJRj/niSHTR9gNbnM80Y=":{"valueMac":{"type":"Buffer","data":"d+XcGgpA4G8llVCIo7E5zR8lLGnGMwona4/ia+SBnkY="}},"fP5QaYO5GGG5XNR85Rnd7oP7MCYDuV8/cLEL38FfA7w=":{"valueMac":{"type":"Buffer","data":"yANYRyrFjjM+riM8QbRKPi10aoUBMVneB6+UreAKyDQ="}},"fX6qhHMDQjSv0O1AmttkV9dpuNMWmTJj8tGah3Q56mE=":{"valueMac":{"type":"Buffer","data":"DSO9so8oX5xV8hN1VOHLYj6JhzBYCXDKX/xFzNpdcIY="}},"fnm+eimyLUw6DFXnVxAzZC/dX6HysW8tand8xwIfJl4=":{"valueMac":{"type":"Buffer","data":"KIMbw5/DGuiD2QB3Lc89SUcQrRP3NlEfSmhBnviL2Zk="}},"fq5PiZiLHXQerRJuJ9SR3T8MK3K3qbMaLw2ljT34Xzc=":{"valueMac":{"type":"Buffer","data":"VufJ11CD4Be9vxlOHPfQ1jyvKxLjueiDGqfY3Y0DfFU="}},"ft+BNad5mRRiaxjOjr5yTarzpizTg/aj+2fkm7F8yuE=":{"valueMac":{"type":"Buffer","data":"Frt6E9uxi/I1mE6lCFrU/tYtjJ0HoT4UkzcDrpYGge8="}},"f+1HIdExYRlmVkI8u8H3HTePybLxJzuZ1wxpsO2Wc7Q=":{"valueMac":{"type":"Buffer","data":"Qx0MPcpUENCux3ClzVzKfWRQherTpOQkAWc6h/hdClc="}},"gIKy4p+/ZXr33ToHPdJhjCU3TLoNo4UnnXFz9h0nonk=":{"valueMac":{"type":"Buffer","data":"CxnqiqQ3oMriYOE0pvWebbGVEGy4vwcycmtBkTkbl40="}},"gMUmXGYJEG9OQiqsKHlkH26CPcpIEpRYzeL/WgiD50g=":{"valueMac":{"type":"Buffer","data":"QbYTyibzcSFtisBZD2A8Z28VV5lfMHi97CCVWRBGNAA="}},"gNs7vHCllYa8TFTzcSfYAIMxwf+EM5t2Q0YY0x1W8TA=":{"valueMac":{"type":"Buffer","data":"W/2qxkf+YiHxKDEBM0doohHUXNh+UyF7g1IEpd/tkHM="}},"gRy0jUKAqtK1VCu9S/V98ghx+z6jTga1lqxjaVW6vF8=":{"valueMac":{"type":"Buffer","data":"TXajRvFCdSQIleVQfn0W2YXwDFMAiFhgehBHopFbRwM="}},"gdQop0EyWygVdNQ9Lu/b8iuDMopbSXOvFUvEhEUbFh8=":{"valueMac":{"type":"Buffer","data":"SGcdGcj9iFqEol+nUp0lyKN1A3rbJPiDEoC4X0Jjw9c="}},"ghF6ggfiIGFDfJEhWBHrIybr7HIx5GL3CC/m9X40KaI=":{"valueMac":{"type":"Buffer","data":"P/ArrSQrxD+rJyUKHHzLuS1UUeCr9eyGkNhTXRglyx8="}},"gsX4b4Myud+hvLZRxt7nxSU/eAnSkJWeVCNRItGJqao=":{"valueMac":{"type":"Buffer","data":"lsEEy/WSIcBArsasax7gegbeTqPdAbJFsk0guEd2yFs="}},"hNNlo1R9Pc+quUavh3l+nuzqAZwbQKAuVJ0kuPvaNTY=":{"valueMac":{"type":"Buffer","data":"JMhNLU3qwLKI3IzJH5L0PVfo95cCp/TEGzGOjduBlYc="}},"hOKNkKVQoPTjZADEF5HGN0P0i0QeqdLdudA/pciEJZ8=":{"valueMac":{"type":"Buffer","data":"m+7e5rMcO99ZsJz9Jr3zXf1OveTrqRJh7aS3fo5nPAI="}},"hSpGsi1umlvQHFfLsgXy6uIGaGD0qKX1Ai6iZ7y2ABQ=":{"valueMac":{"type":"Buffer","data":"QgcAETj+iH0Er6qpSYlAq3WNYHT/qcG/Sf+24d1in/4="}},"hWso07am0tjbNjh3+xIuCgEBOPANlXjdzRpaPbnq140=":{"valueMac":{"type":"Buffer","data":"Zas/5iuAOx8a8eJGXboCCiwzP4buqoGl1xOmdmYm96I="}},"hflCA+p6SCqyqKONTHPJG6yR9iBcu8wQfshGDuTsTlg=":{"valueMac":{"type":"Buffer","data":"e1V+dD6G3iJvc/hCOqTwyeZWKJzcp/cYuLCwDrA98lg="}},"htPzEoKPbO/KGIWx8Pqr8j1KPg8UvusYPKHztqkqjso=":{"valueMac":{"type":"Buffer","data":"NGmtzEKKC2yg1BAEmewDPc+/qX6Ja0M/LgAGc4PO9YY="}},"h8oc3j5qqgs0+VccoedHiNpSkOOAiblK+KLUhsjj1k4=":{"valueMac":{"type":"Buffer","data":"Qm60pR/0ixMHTI0euemZ6+2c19FADlMLHm7HT44lGi0="}},"iBCmcXz/A9/APR5opoBDIY1tj3VesawGyBdMlN9B3GM=":{"valueMac":{"type":"Buffer","data":"Ya00cjXfFow6wvWOzrKIYjur09mGsI97unF8SJx310Q="}},"iEAfHsuyF+8e1ZpVY6gHHWwpe5uu+UN6vmpj0TS8LHA=":{"valueMac":{"type":"Buffer","data":"W1DCs7u8WMLn5gPWrHdhN7egqsEipkvqp19XBvcM7IM="}},"iH63NyI8qEeTm/ul9OusmMp1fWv3lE0JpHCpdg3HGGE=":{"valueMac":{"type":"Buffer","data":"KQ3hbhfBoa+ohY0ZA6HoHQRnIAYYOyogAj0eTjoewZo="}},"iKB/JdLls3WMPzN6vek1N4fAAu3pDpoYZdQ9nWOJxuQ=":{"valueMac":{"type":"Buffer","data":"rcVkzx+P6gsNvhvoRdY7fE8ySbkjFXdsPcZY+nq+j4Y="}},"iNK/GYcpH00R5o/elxQMeSbPgvpx5S/wNWHpKq59Nx8=":{"valueMac":{"type":"Buffer","data":"PqGnEx+sb4P1Ko+X0900XYhbcWRMI74WP/+5gbN+goc="}},"iR0PjRVRBuHWhdHCf/7FXzW5zmOuIhNX7yvTD6BE+yw=":{"valueMac":{"type":"Buffer","data":"z9/0bTyXdUz/c1TYZjvdSnc4mva8GBlT48oRwZunGdI="}},"iiQfFUkaJG7pAIwY3CA1I8xYSGDXdBM/682CFl/Bbdw=":{"valueMac":{"type":"Buffer","data":"fCJt7vJ6FioyHQbjrj2P54mkaoeGqKu6n/EAZMI2eeE="}},"iihLf+qu1V08qCmWjroQF0MrutFfFSGpjyPE5VYhOF0=":{"valueMac":{"type":"Buffer","data":"PIx5qzHzvl88bFBzEgtKZRUnc2zfBkJ+uWiFgO8omBU="}},"ikFvYrvSGJN7obCwPyqCjHql6ev8FpB0oGJUWJTZMkY=":{"valueMac":{"type":"Buffer","data":"i5MrPhuBqOfioqgvn5X/LqkrYdjKHoBSORZf+My74VU="}},"irqvdv4XTSApmYv2E08oSyo9uo0xz3x4RfGkwkDsEU8=":{"valueMac":{"type":"Buffer","data":"1Q06smo8aLjAknmkxyuZVZETUVnxVwLBIM8QrldVQs8="}},"jFcVbyjh1G7eMEjRqiAs0AXE2oIzXfeQa6YOnSY/hfg=":{"valueMac":{"type":"Buffer","data":"RDYdcAdm9xN3VGv/VjH9TAQwL9aHLXDsddd0vuekUFY="}},"jiw16bRLHy/L/0hBxLvZQ7HM3YLT8ZxbKnfkNDw778Y=":{"valueMac":{"type":"Buffer","data":"qz+kfbGgmwSwFF/uleWU3GOVy/bNTXt/eRzQo/rttx0="}},"ji+rRt7ejYrBLutBSqOiDO1prgCtSOveEsKBBRBTyrk=":{"valueMac":{"type":"Buffer","data":"IBkLlAIkQ6m9NvmWZljGO6ywx5A0/AgmfTuy8j0jByU="}},"jwdgCyWJY5Tm7uRnomuKHFQIjUoAsa3wzqdrr9tTkA8=":{"valueMac":{"type":"Buffer","data":"67JqelzEIvOlcB1CKG5zSw8nQX+iPVHAneph4e1K3mY="}},"jzS8PFi/Rtqi/7/NKrUzCFSgyaIIt1fEwfjZ+41aulo=":{"valueMac":{"type":"Buffer","data":"++STJMLI8tgDfjKhu8M9rdMfRgcPzZX14elleWlhxxg="}},"jz+E320Tq2e5bXeu83rVf6stupww7OWYPQOx2AKBsC8=":{"valueMac":{"type":"Buffer","data":"mFc9tIz074LmmtZ91TTR49xlyH54NyGhI7JfHCa6X8w="}},"j4tCt/46P9EV3LTv3VdNiMoQZAv5POM3+JstgdDW1q8=":{"valueMac":{"type":"Buffer","data":"gus+ZN3HXfWlA3pTqF63J9wOF5jjk2ia3I+1BaIsd6s="}},"kJywfP5Yw5RvZRUZ9goFg/6YsrKgXuXToSf+X8TIJR4=":{"valueMac":{"type":"Buffer","data":"k5GFuv9AcuSUT7S1YgYbWw/VWpYhjKiNcLLywYlhXIs="}},"kT3uy+LN1rW9AAq14TA2Z8K4nywR61sUeVLH5wfAkns=":{"valueMac":{"type":"Buffer","data":"NvI7DMeebvWfedpChEcw3XFyem6oh6iGPDPe0X5ij+M="}},"kdnWBRhGTGptlefMW41/JeZWkwuiBUPlcCGM9eskYoI=":{"valueMac":{"type":"Buffer","data":"BBsCLHGHZPTO6O/AxeiihdPfx/igB8yuF/oJvUD82yI="}},"kvEb0idRQm1yBa8LzeF8/ev3NuLOW8k+pvFR4z7rp/o=":{"valueMac":{"type":"Buffer","data":"9TJo+xRlUSLfMHoaZjqKbu4Rx1sRTeaMrqE+6VkYX4s="}},"k2GQ1y+hEOIN9RfLnFnMITVFBQmR8/IW9gq3616YCOg=":{"valueMac":{"type":"Buffer","data":"RgO/GDU3Q5ptyEF9tuQb3T/RspbSLx35kJhAucl2sSw="}},"k9hMJMyfKYuAojr416xz3NYsMDZNWBqXTxF9ROBIMgA=":{"valueMac":{"type":"Buffer","data":"3G1WcM1Pfn7RuuYA0cYkeVko8wWeT39AYkGkphyHvPY="}},"lG44qmojT2/g7Io82xKcLXK4SeGgkwHmxdoNVAn8dkQ=":{"valueMac":{"type":"Buffer","data":"ToYTFELjM91X4X4j4HiOOF+XuIQU+bGqpul4yJIdlkI="}},"lNm3SOlj3N1r82oPgyxA2TbGxH/IXhWADtsLXrb6jEo=":{"valueMac":{"type":"Buffer","data":"dLpgULBKJXbe2KBWjZQ0KywoC/o5P1rIr9XMU4uHbTI="}},"lWOXfbYi37mn2m0EAioqa2pVryOFBdazSos1WGD01Ao=":{"valueMac":{"type":"Buffer","data":"3fK1NuUZp0txKcKeMxRQDuq0yP5jroDnzdb2cB5BkKU="}},"lXbxNd59k+wIFSzqeoGxdobBVlx68F6dFnQTAS3rbpw=":{"valueMac":{"type":"Buffer","data":"H/rLPJ7S9ybKdr15hmpqtPlNxSfNzUbZG92t45q7Iz0="}},"ld9xXMBbOVhq+r5uVE4xZR1ZUrLgHQjqFDcActUvjM4=":{"valueMac":{"type":"Buffer","data":"oDf3Xp9vXWbnllqb+95tY0fz/PWto8BE6pj+q+yvOg0="}},"lgZFQXWLiZxwKei9d6oGjYtCWNppqb3msrBXiShWmcI=":{"valueMac":{"type":"Buffer","data":"ItD7rXyqeALOT+j1XQf8yR2VRjrfJrmxrEjZdBJYy1U="}},"lnulAQU9pHoE9IN1tNlcwDwGvTKDmxm6FI3VPId2PKs=":{"valueMac":{"type":"Buffer","data":"8U2XBCOHXCPyTpr2IBnqctQ7ffhpab3nnRkVQGPfjkg="}},"luBhdhsyhaGJ504/vC/896V8T15MMRoI2DUd0UPoM6E=":{"valueMac":{"type":"Buffer","data":"lDsyGaRU0q7oZzd1Bl2V3FTo0JiuKwVeqdupu68LSNA="}},"mAYLm5/lhpF6F0R6kxzyEhkGAAI+GYdGd5BtcRQk59U=":{"valueMac":{"type":"Buffer","data":"MqN2eUqarv/pKCnf//tFw0h/FYR+PzKBEBm6xwNA0DY="}},"mDeGsfDij43zjtZFw69HxJdaRUMfPWBYejhNmc2hQaY=":{"valueMac":{"type":"Buffer","data":"WG+cANj032pUuUjGN+6HWo3r6DBvYbx3C0aGG05kkOA="}},"mOxDQ/bV/fNMgYnIBq0NRJYPCo9iclkd4YbiBz8iPR8=":{"valueMac":{"type":"Buffer","data":"2xqwHvTZw4zWGfyZxNtVFFoaXaiXbKtkaIkV/uRjB6E="}},"mWx08NFtALD7BQRaYOwjObB0/K/XhLXJ4yhtsC514rg=":{"valueMac":{"type":"Buffer","data":"E3vt39S/rmLc+bgG0IpJIrYS0WhmPNxkyixLNWOnE84="}},"meE8guhvTut9xztgqvFE1haoZfGPDKX4Kd7vNOgcoUY=":{"valueMac":{"type":"Buffer","data":"Np8utGptzVzQmpHtUaudARKjjKAKglsYmgqRlzOzwgM="}},"mgAgVysEwjnQuYaKn7ULXOzg8tmjpz79hcqoE8FgoHg=":{"valueMac":{"type":"Buffer","data":"UDO3/Snd1h9C2vFVA8W9ddKvgdcDj6wI+B+9TaVw4kw="}},"mj8GZqrSY4RrjZabGsyVzCezskOUQ+l+1CctWXaHPK0=":{"valueMac":{"type":"Buffer","data":"P3eVzFIHSwRQr389S5cRvIgsRF182eROzHLlwkl81ck="}},"mopbmIb+rnPXrOombkXK6jlHHt3eBl3CfPyQkuyPsls=":{"valueMac":{"type":"Buffer","data":"SBDV9a4SP6KHTQMh5Tup0epEMde5bdLM5Kby9i+DP50="}},"mt2GlhFudLnD5t/4HjcctktifpSIXK+ILwBzW5u9Miw=":{"valueMac":{"type":"Buffer","data":"qRCBchLjxLci2BMDeAc/mUGC2NG6NlIK2Oy8BR58aR4="}},"myaCZtt4TRm4kh+tuc8VVNPKYu9Qo5L3tn4N+tqBeIg=":{"valueMac":{"type":"Buffer","data":"Zzj/W1RqHwlZnEvIV00Nv05kOoKvTdnuUVbGp+7HB+A="}},"m4vYEUJ7wX3TlEULKzDvp2EkeNJX4QH0IYDaAA4kgYo=":{"valueMac":{"type":"Buffer","data":"BjXCEWHMrztGpLUK8PChP6oE/Fr3SOGw1wUIKL7PCwk="}},"m4v9vxXAHMaCRBlNudmHvwEl2n2VQ+cAMNG/bPDs9/o=":{"valueMac":{"type":"Buffer","data":"b9PGfyBbb6g/XP9kA4x4e7dVPhoaI3S/SW/owvAWMfM="}},"nAwiK9oIi9VK0PKTaOrsl+p0qIGFGA8RY2SciIfdKFI=":{"valueMac":{"type":"Buffer","data":"KKLWYfubv5kbk0pKwRTE5jjJZk8VgrYl1yRZ8i5cZC4="}},"nB78Cjt5JknJaL7DNvEccTaaQ65P7dou4lb0Jk9zk2Y=":{"valueMac":{"type":"Buffer","data":"9ROCd+Ahb4z41MrmTE2vzBxai+bzNIU62OBkao9xtVY="}},"nUD76B7xnQjBh5Fd10Fc5n9RZ+uk6FTCpvyWMe4GRL8=":{"valueMac":{"type":"Buffer","data":"6lUf7e7R4J+uqHEZtpafovazz65oHiIKIkmBumGu7aY="}},"nd9YO+3nrWohcdFuj/bdC4jQbVsO7V/xMRWrFt2uR88=":{"valueMac":{"type":"Buffer","data":"RqRmd/cIRs4eHHojhN0mTZeRte0d8A8hVpUeUSOOLqM="}},"noR8Zwce+w6714wlA0YdkzpvfrE8hlkdSDo6IpfvAA8=":{"valueMac":{"type":"Buffer","data":"C8ExAF5AOmpVvH+KC1/5DrDd4uNK5iiNl6XWjW4lB/g="}},"ny0MRb8C1Fve6UZgPGgplfTVeQe1e6OqtUp6BTS3SpA=":{"valueMac":{"type":"Buffer","data":"FH2eEwYkqUL9SNyDbNHQcuo5I8KFmsy0QOJXCsOlG0U="}},"ny79UxZpaJL3f4gv1ic2yYd5CMUOihwpGTLZl0SWxJI=":{"valueMac":{"type":"Buffer","data":"tCVoVPAWol2NNsYUsEQFP0sl8q9a/4f51wmFlPtMXOE="}},"n33Q/v9cuCq/jEWBYma8n5rSTsTtSXmngQzowMr5l8s=":{"valueMac":{"type":"Buffer","data":"ZQfzXBKMDqlOIqvoaqc+nGMRM3UUxg3eL+msFjsRJmk="}},"oBGYqGW3Fp5s8G+Iz9j6Q2Hwh5bv/4RuaJEBUebowqM=":{"valueMac":{"type":"Buffer","data":"MitRTEpjBhmvM0II7NyQbnMOpW9i/rGiNa81GqcCDC8="}},"oCM2LaHOqzPhJUlPHWql8icjvpBMYgZfNJqwniLeqZ0=":{"valueMac":{"type":"Buffer","data":"VzMjrIolCKYtpB9ia92pG2XUrKix4qplMjJC7ef8ps0="}},"oEHHAJvdFvC4qNMxx3g7tN5wu+4i9R7beB7//Q+zzmE=":{"valueMac":{"type":"Buffer","data":"94sTHLc0cXx2HbFjiAqMBm6NHk7LvuMND7iWagoPIw8="}},"ocBGvxiHIWjLb3Ya9dBFUSBLiZteYtd3OFE8KRygTFY=":{"valueMac":{"type":"Buffer","data":"a55go+FV9crz90wWfqkTd8qTMhBYxGpO+N6Z7BRWlz0="}},"o1XFqg966S0FA0t8NhIc40IIFUmn8xTngSOxHz8gPoc=":{"valueMac":{"type":"Buffer","data":"2XfQUoP2/qD2pRZa+oyqsiWo5gvDbBmUxhfGzR2WlNM="}},"o6hvLbNQ86LS9wT2IX5/CptW/8z5VfEMVN7dBPQ93t4=":{"valueMac":{"type":"Buffer","data":"aVneSPR83nmZ2CBK6dKJeJ5ngrlLvAT6T33sdk37gas="}},"pAzuCdZeMijpbwYXVD5WKmN0P5prdBKppRtSzuM96kg=":{"valueMac":{"type":"Buffer","data":"9eAfQk5IlZVbAiACvrI7alrvAnyIiZb3UbTOqR3jlp8="}},"pBHgYenNsFpP+jRqCdiqz+utMVc9tPK3HX2mcucho0Y=":{"valueMac":{"type":"Buffer","data":"kdiJKUFL/Aj9moOZXCA5TSIzzBt2S21ex96a7w8ScPQ="}},"pDGc34Tltyw1XwerjSc1oRE5ceZAQqHeVPtPCSfjfnI=":{"valueMac":{"type":"Buffer","data":"/HlCHSn0iTKR1tzeYdFAjOU5JxM8mU1C3z48Dq755QU="}},"pJ8XCGCxpnYBE2g9wDb8m/gv+xvC9nrw/hEYxcC/8JI=":{"valueMac":{"type":"Buffer","data":"hPHzoAQGapoZIdzL01NFtFZUODT/PbQRneUJuEULm+0="}},"pWiW28lBTB0KkHYVmPBm+1N3RSsi4oM7tdL6eMkyeGk=":{"valueMac":{"type":"Buffer","data":"xzjk1ssN4HFuhJVBff3P1gSUhIc/NF5owRXBPuFHqc0="}},"psWMrAguBM+OOZcxDy9eJ/NAt9AJ1hezrLUJMYypJxQ=":{"valueMac":{"type":"Buffer","data":"KtUhjOhIWXqsXJxcwrLX2F8+XXQXJoXpwbwGtgXt3gQ="}},"pu0twR7dNmPceSswnehzvHq4YbTCfuJI0W/C0qsS6vQ=":{"valueMac":{"type":"Buffer","data":"XXgrznICjO5OXE9xWOTFcri+5o5/ulHV3qxTpC8nAds="}},"p5EohlHnoqV+WG9fvAcZzLnuwUwRsOnOvLaM7obdOPE=":{"valueMac":{"type":"Buffer","data":"p4uj3Hg1PwqD2nnQGYfqq7szbB+nN6wOwLTGT6MZFPw="}},"p6fhaV99h9TPP8BBozSe3MXREjBP+kxoSaCJlsoj2jc=":{"valueMac":{"type":"Buffer","data":"G9fim/+GfbtlLWQ4aQAAL4es4WcEHmntN7Wo6N1VJcA="}},"qDy21ZvEbkZm1oDXUjFtTqYE5U3tW3kZMq/bXpLoIcg=":{"valueMac":{"type":"Buffer","data":"ANyd78naR01SkwYCvGKtQPPzh3UfRn11wqGhm81a8tg="}},"qM6TkZwmMIvPYxXCZwu2qozMhqWpA/tKgWCPy2iQG1Q=":{"valueMac":{"type":"Buffer","data":"BqtiwzC4GWxswknd/hLn4o0/uiIZgPtfv5dRS7CxHhA="}},"qVjNj93d4pmNVmknvOobqix6xtkExfElD8sSCO67+v4=":{"valueMac":{"type":"Buffer","data":"MF3KCjFWJhtoe45AGmIa4n36FSm5tTlim7bZFrsK6aY="}},"qWOC0y3XPTM93xO3C95s01N9H0dTfExAIjLsIKBxV4s=":{"valueMac":{"type":"Buffer","data":"gqecFrEytm1qQt+7oPzegIQhgySB0+EN+7sMcUf0o1E="}},"qb7bwJYYwqnnnwVlUu5aAhxk8COf5HN80i1kWvRHIXM=":{"valueMac":{"type":"Buffer","data":"gY2AT4WsNRqFxZtBq9/whXI+H/Yv7GZHFx68wgWV/jA="}},"qde/g6cJTW3FgLuXxTbRAv3tiLpvwz3tORDJSVW0PKs=":{"valueMac":{"type":"Buffer","data":"DJVFnawKGXzhuMxsRhPqLdCZRTKR7RpfinYJk+8MGDg="}},"q2V7VRvLsoeM/ZTmcUAoVJKRhZKW5XiY79vhq51JMO8=":{"valueMac":{"type":"Buffer","data":"aTb3L/dCBsCofS7cJUWs/gm1jTnV9MKV9Vu01CV3HTs="}},"q+2oJjQE0EpzQZoZHYV61Y6I9InUHi2xeG7PKf3gFQ4=":{"valueMac":{"type":"Buffer","data":"kTgsNS2VupOsYfEgsz+/s2HE7mbD2JBQb6ZOGH3gy9I="}},"rKjsHsozu1+WPhGAn4ortTv1c7livXsBSY5HcobywlE=":{"valueMac":{"type":"Buffer","data":"UUTrdZXJb6zqGauK7QG3+bt2W9GXI9J2uZWSySx+/Yg="}},"rNKIRIqVP0QijLmzfRztEnTg9xjfWbLwhXdtEW2F8dM=":{"valueMac":{"type":"Buffer","data":"NOSR1wUhsIfgCUNH4lT/oH1v14PtrGe1427KX23uYuI="}},"riEo7EA5vJ7srNsjHRCDaP+KFIkKIL/98CuiS2BzBvQ=":{"valueMac":{"type":"Buffer","data":"eXL/TDM74JWDDYI/Kw4QH7F2evcR9BFfe6WArZdozWs="}},"rksnHMeIc9NFgmty+AXOSLf3yHP/nReuXBXftRMGK5o=":{"valueMac":{"type":"Buffer","data":"ZoCIwlhwJ5pmwjY/tIGnN1WZ26W7Das80IERY8fWQhA="}},"sBIoGWvpJYdP3+rZTMqnlcN5R/SMr663FCSs519ePe8=":{"valueMac":{"type":"Buffer","data":"0HYlHwjIJl5/4BJk0vnXXGzFylCSNEte19G/v0hD/Ho="}},"sF3BCJw1nxdnf773edx8DHz/hpirnAoRQW7BHVK2AZo=":{"valueMac":{"type":"Buffer","data":"HS6MIO/fZO9DxlVdQUTEKQ47yNZhzXjGPVlqjbm1IwA="}},"sN1/WqoXWleVUULBHBZZJ5jzIR/c94dTbAOt5nADO88=":{"valueMac":{"type":"Buffer","data":"Qwk5I2h0XcgIfSuyW9VXp1IBUumIrcMEvLDMUrxGBWQ="}},"sS9ffjIoAnp+7ibJ7HS08c1YDsL+gop3RbvEnOYzMHk=":{"valueMac":{"type":"Buffer","data":"nJ46Ff43ZH+Hnuokrn0sSyp4+eZJ3Z6CqKDvGIw0ouo="}},"sT2Q+V1g6XaNZLPMXWm8JhCE6zR7YAWZF0kwmCGrpaI=":{"valueMac":{"type":"Buffer","data":"DMtbuQ6dGvNi9qmwzS9yl4KZMIwFwqhE5EQHswStHtM="}},"sb6wg/P39033AxUeQSlahGiaSPaiJ2x5skdN5qRqqI4=":{"valueMac":{"type":"Buffer","data":"uODLxgxXh/NGtdRLjffph/lePgb7nlkRAM8f9YjZCtU="}},"sdjSUwTG67UvwM0/xAsnZVd7A6uLgwK5L18szerTJE8=":{"valueMac":{"type":"Buffer","data":"i2U4l0kA8BBy7WM0UVldqDE7z7qtBuknRycRzbAumSs="}},"se+7ocuo7NLhK9c4mio8U6KcMKKNCZ8X+DzcQw36UDc=":{"valueMac":{"type":"Buffer","data":"W1rOkyCfmIbu8aofHxmmprI5ygv5xEe/OeHD6lcfbjc="}},"soYfsB5vF8rJ7lcMl6uA0G+U3QQ9cOTXgoJy4R0nEV8=":{"valueMac":{"type":"Buffer","data":"KsE5z6KCneyzpBgOoAOYiLu5SDfhjeUEzs4ASBS+GoE="}},"spfcGCh3fHH6gic9AwmF3O6iKB0M4ablbp/WZo7gKyg=":{"valueMac":{"type":"Buffer","data":"RX9BMxaz+OAxHaFKXnxrtYrnlmHhhSWAReZLIcT/K/k="}},"ssLAKn/bgifekpZuuBqvQz60wDp5nPeKc3bXUBtXTbk=":{"valueMac":{"type":"Buffer","data":"WRMRCIC07Og2lfEv4tlyMFHQhobibKv+/FhqFR3YKcw="}},"svkMcHvB8IE6Xjvf4D5KtWRv+FvpGEF5txlQPiUtdu4=":{"valueMac":{"type":"Buffer","data":"tN0GsUA3ME+5XbWQUB+QdqL4Nsycjp4lB4pkheGsdQo="}},"szZ6AMXDHmV8vUp/LJT/Sk6YwlqouhhA/nhFPCZxCEc=":{"valueMac":{"type":"Buffer","data":"SwEA8nApXHWh8IS+RlwgVBFEjnZqJ/IOsqfy1K86gzg="}},"s6L/ItidnbnjDLllsph29lLmm7QbLjIt4n3RFC5Y4kE=":{"valueMac":{"type":"Buffer","data":"9sQhvhMP3sNqZBPtjLRr6JvXxddIHjIsgajXANFqLG4="}},"s6Ot6faYBp5i3n/6y18K2+i31wLPrJeukB5Jix0YEGo=":{"valueMac":{"type":"Buffer","data":"MYYbNd5Qy4wkYzB5qbuoNl/3z7L2sn0/lEQzcNJLmrw="}},"s+yeWTmrnOy9LpDnzp853X5Ei4U9npD5XhIoIR4iF/s=":{"valueMac":{"type":"Buffer","data":"RbxkkWxV+J2Pn+IEf8vj7olvmhW1cKMeDgxL7Ub1FWA="}},"tA7XdUoMP5uOKIzQm4G/114O1WmuFNoDljh7UGl4adM=":{"valueMac":{"type":"Buffer","data":"83Zr7vgdAeeCCSOmAiX8AfLR66fqlEjfOPHLl81qKTo="}},"tLePSjbANH2YeEKHEatqWlZ+g27mBr7vAmsIG796h00=":{"valueMac":{"type":"Buffer","data":"b1y2BrvbW6QUOc3CRGHwlT0mHRPrLN1uOsL39NmJ0OM="}},"tV4Ntct6XZqkT9Od0DBqKL8LsR836QpSiRMq4Jlogq4=":{"valueMac":{"type":"Buffer","data":"Awrmfjwvq8IwpIUcCXw/w1GI4+YbGzSw4+o/hwAfCKE="}},"tWYfyepQWI5HGhLybn//H4GpeMXofIi+DVkmm5nPrIs=":{"valueMac":{"type":"Buffer","data":"yXw1isStksboKgwKRyflBCmA8/pB8uLXCYMOd9bN2zE="}},"t2Mim/BfeAGjRD47JzfUoGhJhRll0jvc1IzaB0zrFbk=":{"valueMac":{"type":"Buffer","data":"1S0nCmDrA7JTydqjvtont9jwee6L/KlkWRu8DfGV9pw="}},"t6p1/zJW427+VN/9HbviUZsVdr9cw424LXyejNk5A6w=":{"valueMac":{"type":"Buffer","data":"5PqhkS4Bl6kikHaVYryI+V6+wZTIE54PhL8lrDD1KYM="}},"t7WM77manOr2aZTUKYRAXfJ7tD43Y72ZLA9GQr8xJmc=":{"valueMac":{"type":"Buffer","data":"s68tQ7mmWkg4yZ7dGVOuWDmhjiuzo/WktizobK1GSU8="}},"uFtsq/Yyy8JJq8bmJwUcn1siohf+jvEhyRZOUcT8esk=":{"valueMac":{"type":"Buffer","data":"CVZset4dMrc/0ruhervBHhosiXOf3EUTwaHZeYqUc9I="}},"uL1bbPpfYXaC3obE2dhCM4nMer3ai2b6J8x2H50RDfQ=":{"valueMac":{"type":"Buffer","data":"BaH5yoDhU1iunf9QZAykw0rRlwWkMpRsuYE7FcROclk="}},"uP1HcHU6wDnVhsPB8+JqWgNyyhkPvfF27sN8W2eQulc=":{"valueMac":{"type":"Buffer","data":"2KdoG1Ii1UJiDqgmjXFLCMMnXxjrlR4RPXJiWjauW18="}},"uQCAX5/WGAAdBpFfzaRrKrU5WF4AKvNhbrR1R4uEX2k=":{"valueMac":{"type":"Buffer","data":"gh0Yy25oyfDnX9x6DW5GDaLcfBSEXlMiUVFIE18G/nA="}},"ua+7/bABo4OIo2u1v3nGM3IAFASGAGOZ/1JN/aoLrLY=":{"valueMac":{"type":"Buffer","data":"eo0AlrI01L/yAOY/gwibc/4G+8n2QO7ugR3w8HQwyTg="}},"ukxzW1/plviO5ylYO4r+ieyPQnO/9OiIxw3R9KZZRdQ=":{"valueMac":{"type":"Buffer","data":"IbaVywElUVMe/idPxrZtrQdr5E0TeGPM4Bo6u7p+3WI="}},"umGOOHD12EK4OB0Q5uiCgYorghoCOGibFXfn15oF8vY=":{"valueMac":{"type":"Buffer","data":"OAk16rlim47yCILcwUSJ8PDW66idTcfWCGWzYq4tXCQ="}},"uqr3Fh4p0Y3FtY/V9q6yX4e/OFNfzXcHopj8ZKqFIzw=":{"valueMac":{"type":"Buffer","data":"WiMF+nkUmyeeaDMr6rhw6IECRpaebTkcC/f2RjUkXSk="}},"uvzG19id8x7ic1VoP8rFGbXUYNiB0YzHeulTTg7UQxE=":{"valueMac":{"type":"Buffer","data":"x3vGsqqyRWx5Ra7vwDF2LOmk2CPzHto6/ITRYhAf3Qk="}},"u3sR8HGDb1y7DFWOR6M/ubSCbxkj8dVoNPy3PbpzY14=":{"valueMac":{"type":"Buffer","data":"XJwjrpZlDs1kBZ2AShVLYpUMnJuzy44VaBtpqQI3Sow="}},"vCZ0OWl8fdCJW9F/NSh79nn2vz+CcfFoTXvAzey8HCc=":{"valueMac":{"type":"Buffer","data":"OfAT20MkPdqzIBYr8Strrx/Cmvk6TlH6qIF1Ty22zJg="}},"vNvzcbOG35V2H06gdPC49epa8lM7sTL1vtavagEKde4=":{"valueMac":{"type":"Buffer","data":"npGAMrqnIRQl18Z+CJGecE6sC23XNJnvivpLcwPb9gc="}},"vXurp+8vLTOcL7hr0yQcpgN/fJoLMHmPNwjjdM7JM8I=":{"valueMac":{"type":"Buffer","data":"x6ROt50L6sVaP8euVO/d/OTCiCSb/gYLtsI/LgE0IHU="}},"vX8jLHzfAxPxfjybplG5ai7F1lQJ0xd8zcHLqADROl4=":{"valueMac":{"type":"Buffer","data":"EiGLio6jFl3IXrfG3NRaAFTNYBX84n7zlX8QXzXD+QA="}},"vhh9vE37gZH/qcwEHpbaLzv3wU3GgIAIZvY2tkgtGlc=":{"valueMac":{"type":"Buffer","data":"4GKJLlwgdoo/ZbCxCkzf5QdmKws6kbe6esIH4mlqCqs="}},"vlNHmoJSZCA3acFOOmoGbxkQlb/tgew6Lv8c52/6RcQ=":{"valueMac":{"type":"Buffer","data":"c/Sbi2Fd7qIiJEa+3uunZqB84zsjMVquw6fx01hEqGM="}},"v0YVL/IPJqvAn0F7q7UJXrIJ9//++rs7UjbfbJ3O/Ec=":{"valueMac":{"type":"Buffer","data":"hY1DgV5DYEqbEN0+wPayaZCOXYudqoDLmCRdkcJ3HvI="}},"v2P3g0gYZCXC7E0ipGpyi6O4i0MG7ozFhb0bHJSCL5U=":{"valueMac":{"type":"Buffer","data":"zNZZ5LVMA4gL2RAFDmSCZN1wIE0UcrIE547V3M7EbJE="}},"v+K96FAlj79wnjv1A6e5pUp4BbxYtzo/e+3Zdbhh0x0=":{"valueMac":{"type":"Buffer","data":"BWmQSaqwgXOKPTelQPNTGal4Nyq1uuuiXQoqQ7mbVu0="}},"wIgCJr/FgYYg5COlzrVP1Pfm2kO+Jx4t/yErWyJJMDs=":{"valueMac":{"type":"Buffer","data":"xP1RjW2WtDDU2jPEwZiXN3w7/Cclz2NbCIQ45rs7N8k="}},"wUyooeeQGFiBhFbidnNe7H3qd/wNnwygSDUSPCykhz8=":{"valueMac":{"type":"Buffer","data":"P7oIA9cW39kxkKg49m26fw/bNLwH0yxg1EdletMZKAE="}},"wmkgjnmVm5YLHFTmbdlgQ3C1ZhQtK0UGNCqj63mMX0g=":{"valueMac":{"type":"Buffer","data":"t99xLbl3gwgGUl89E8pgev9/i/E3GuCz/CAMeMKUYkM="}},"wnm4hTPkHCoFidsiNWPMsZ30RaWcS4zJbc6cLBljM/I=":{"valueMac":{"type":"Buffer","data":"h+YAAArU0YN47v1AbqcX/ccNHq01li8L0NyUYVqbwwE="}},"wwFr1b1BnkGtiZ96pC5kYk9V69ucQJXq7DHcs278BDw=":{"valueMac":{"type":"Buffer","data":"riGpPOeISxeif3J0fP08S413vMHaasDdxuhaCn2lReM="}},"w8X9CwrcNz5+LiksBclEIbcWVRVw1UcpYYdMGUc4p9U=":{"valueMac":{"type":"Buffer","data":"r7fagVzwehHyqRTV8wt8X3gKn9MAUyWrL+knZIcAbQM="}},"w/GnuD3+nJQzkh9mpM6fo9k1z3c+9dIQtVH+c3fWv10=":{"valueMac":{"type":"Buffer","data":"/phstQD5bNMVGXpEzhMWvH38BrfCB+9CJGzLzA32+3w="}},"xU22OPMXCLMY+gs7fIUKmH/JMDVbwzZqD5FJg7fkn5M=":{"valueMac":{"type":"Buffer","data":"AhqEncX7l3lt2iu+5Mj48QTC8Erx25fi52KPpktpwlA="}},"xkI9CqeKcp6pxOuBgtKT/zH2yio5I1utEJDUrr0fO3E=":{"valueMac":{"type":"Buffer","data":"7f3d1w20Ub1btSw0LeGb2r4rCFiHXNn6TvV1ZfRlH1k="}},"xveg6D2+NG/Qh3zIiCLI+9S12+dxIh4wemZ/eXDcaWE=":{"valueMac":{"type":"Buffer","data":"mkhpSgpSRFn9/IAUglvAEQ+avTYieFrwNSScCQbspcQ="}},"x0A0SCkX5Ek+Jc7yRvntFeQmhbvAqIS8SLjxslFEIK4=":{"valueMac":{"type":"Buffer","data":"/Dpsb4IjBWsh0Cx/v8vF5wLnltXpg1Z4cMpX8r3ZIjA="}},"x1Z2oKUg4LPab+EGK+vuAJ8L87p3DPkS/ELk/6EzQAE=":{"valueMac":{"type":"Buffer","data":"yu5qT7kt5yuiljdfBeI4Z6bE8phVTxfbWLvjye+51CI="}},"x3bt5ftEfDJKdoBambBqmhHczVGXtW4rcZ3rJPcASyQ=":{"valueMac":{"type":"Buffer","data":"lglxnvSQwAwtYSJMos5VoIvOGRduU61TogGf19F0Xf4="}},"yAG2dzJ8B3P322xh2HgVYNEeWihlvMwhFiEoezYw2bM=":{"valueMac":{"type":"Buffer","data":"fVpimNe2LWnY9hrJkRbagtYaLMnckuj/QFZrCzj0ccM="}},"yGbwfoV+setJiB9b0dFtM4K+NxY0D+RecaufOoSckGQ=":{"valueMac":{"type":"Buffer","data":"GzdHv6T0gjXJAjPcq6V3fOy2ISPB3lI17BIgU7hywUg="}},"yLYR9kvvJbdyeJSTxXiqSq9ky+TlTBCSVdTvWfglKBE=":{"valueMac":{"type":"Buffer","data":"9ODKrlCsr/HuAbAZVq9pkOr8xbI0YiQdhpGHXy7rnDY="}},"yjXH7ObqktpxEZY2fVL+lHjA53/Lyq/wm2QjwT9biQk=":{"valueMac":{"type":"Buffer","data":"FWadtQUAhbNf1W+eLVqszbe3oJk0SG6ZujgCdRrcrZ0="}},"yk69bwdS5CAfHKvkGd1X/rWctiKStgjpan58qCM4z8k=":{"valueMac":{"type":"Buffer","data":"PaNULxbW0+T6Vxiu8kgxcL/mu3ld/QXcFBoyj+bqv+U="}},"ymoVto8nOpgNXA1IJSeYWWGB5C7WqJD3byl+VbfDx4M=":{"valueMac":{"type":"Buffer","data":"8Heg75EkIQl6KuYq62Q9YGvCSD0pczm/x8E3waEShrM="}},"yvogk0ZlcdV19yA5Oq2KGQu/RPaTVOLodorLXU5AaWQ=":{"valueMac":{"type":"Buffer","data":"zYyIhkR/Qwqo3AKKL0rIQf+fJVtG/QmxALfuORWCAkQ="}},"y+aK/WakbSjecHQQzU2AHcOf13XQzFGAvG9skx23gKA=":{"valueMac":{"type":"Buffer","data":"sU0hBxrx8QUu7NEpng0KIUym980bE12YzTzRtMZazSw="}},"zDitI42Mo8JUfLcdusKyatqRmKo42Z56UsQQFlQX2m8=":{"valueMac":{"type":"Buffer","data":"rHaKgNaRosUfkyfsHDrCRdxOj2cKwwFVuSgIF9oLs+o="}},"zQY0yAxOkxVodbdaRWWJedhGSOM1MeXEbYISV4xHezE=":{"valueMac":{"type":"Buffer","data":"/vpbmNSIMtzlNUGObV4EPSNWqC/8u5skEZGE4G5VOC0="}},"zWNyh41BVbbPSv0uWIIF9kEAP2E9XjwAD5t/22UGVws=":{"valueMac":{"type":"Buffer","data":"U6T3GIdH7LR1pHDPsOn0+6uEPim9FVMnwbT6UuPy4yo="}},"zfAEb8RMFyOmDMBBRcvWh3LqyQ4YrEHcX0N/fQofra4=":{"valueMac":{"type":"Buffer","data":"cBtf+I/L+w8fREOJvZ43exGlKgIwroEyD205IojQyxY="}},"zh5ZjYPrjwDAJt+yesrYtCv3bNmwZz8xF5igDpDN6dQ=":{"valueMac":{"type":"Buffer","data":"3LdkEuHXkfPFIcHMQPsREJPQbIHyp/BnYvlUojpPmlI="}},"zjWPsjllrUNzTv/gVV46lZe/S1O/woc9rZYWv45GglU=":{"valueMac":{"type":"Buffer","data":"RUE/UUYisBwZtDbq8ewhvQ4mS0GmYgBa+wubZcMaPAE="}},"zkFW3HuEaYFbtypKSvHYz+1ZqAKypAd7Uoced3BJt3U=":{"valueMac":{"type":"Buffer","data":"MsoRdbeYBHIzX/EDA9j1Cvvk8VtEsuReX6f1f91nvMM="}},"zp5asR+s1LaiYg3Tru0Lt68XvUAknDbtsEKNDbVDrq8=":{"valueMac":{"type":"Buffer","data":"KWDpxewjdJpI7AD8v7VuBj69mshW4DTRV0wcywbzIP8="}},"z7WEu0Pn9koPr5XIOvKcwuWjGYiuFyskledhgBgdxZQ=":{"valueMac":{"type":"Buffer","data":"ovjRRpCHKSi4f77/rEW3/V3C0/y60Iyf/l2iiPWBdOI="}},"0ELOy0bAdeZlUKQ6eoSnH+zfLpfihEB/duq3KbS9MwY=":{"valueMac":{"type":"Buffer","data":"VR25+bskjFDC2cm66Oi2UUJx5d1nZJAQu/cvOHZG514="}},"0FbU7G1Uj49yCPjTUORLIL+szIRr8TphkRJJlA6CFgA=":{"valueMac":{"type":"Buffer","data":"hP4LpQ6Yv93+AZ3vb20NHzVg2BlgzRqxvoUC+r46K5U="}},"0Lc+2ilXVQRXJjrf7uwjBBWxuMVjKOErL7NaoQaKJsk=":{"valueMac":{"type":"Buffer","data":"+Sz78o3tkekpHgR5e28W9r8on/1Nj376YZqXs7UyYYM="}},"0QfaP6YKN7kCwNKYNNu4g14f/eE0cCyq8a3AfdhoU7U=":{"valueMac":{"type":"Buffer","data":"SpJXn0Llp/Dl32yyllByGbOHxDkv5Wmq4aJQQdTCRSg="}},"0XkkgBGe28TQgQrzazSYHT110/gSKh8wWqbthixPDkw=":{"valueMac":{"type":"Buffer","data":"S/u62Q549GGYLXTDOh2Mf7WIRfT1k9YVZ1XWgbVuzH0="}},"0Zqsb8aFKFNhW2CtPAtCyRl9beSnttPzreRV6Z9FmaU=":{"valueMac":{"type":"Buffer","data":"IKaQJ1z2aTfYURIQb7B9fzUcICgNyzXlXv+etCbz9Uw="}},"0cSTjYWqqMD7mk4byQYaOuxBkxEx0gZlxF/jrjjXEnE=":{"valueMac":{"type":"Buffer","data":"uGjZ3Mz+MHdy8G45MhTTv62H6O+hAZpia5owVNiu110="}},"0itJ49o1x67TSJXWbDfv31DlcBXvsB1hlLTXVxgsVM8=":{"valueMac":{"type":"Buffer","data":"OwG3fKw0AayNCu7EKnQGa3idnC2nzPtDrRPzQ0CYFT0="}},"0jq0TNUG3c3GCbmvdshxU6UDJjDzVquljS5Aplg0VYQ=":{"valueMac":{"type":"Buffer","data":"z155JoUM/nTmbKv1lxkFzXjHP1yU95NBkOOx0nc241w="}},"0mIJPjdrE+5TUQoFOW11iVH7RZvDe9pIn2NAbhBHiq4=":{"valueMac":{"type":"Buffer","data":"fz4vnZkqwrhOWjRqzQjGxNWmnx+NN9zBA/WdH0z7ktE="}},"0nqIiiLkJY7upP4ypTTSI8eDK1QFhj7RepJ5mfn00do=":{"valueMac":{"type":"Buffer","data":"pEJtaPNTPfGpQA0NchU8gRa1Bkxudimvj2xIz0YfrhY="}},"0rPdHm05ubi55olCaxiiaj1d2NBmST/WvVhWmzrysWA=":{"valueMac":{"type":"Buffer","data":"ZlANcTpgwpdghkDjvtM2O/2Q6gun/tcXuWsk0hOCdPc="}},"0spdfdvD7ZPyA+iH17PCaV7UrPArUwMXeTEQ8DjJdEI=":{"valueMac":{"type":"Buffer","data":"gDyz0hJebeS2yB7dUcGLfxvDjHV3BKBalWQcGxckA+k="}},"01flU/0V93T5h8eLsE0Q+8tPF67d9TZUiT14x2MK8l8=":{"valueMac":{"type":"Buffer","data":"cDR7jCf559IYRPJdL8ce7FVhduNoUhEyQtVK/hWwXUs="}},"06fBUpgNlwI7seEyH+6iEpLQ1YCTXWglijEPVpyMvVQ=":{"valueMac":{"type":"Buffer","data":"ShXLQNFdyB0kjG+lAt/Ds3fwOoQvReUgvtxeNuI5iK8="}},"1Bza2Ym5aSvVRMvG+WU+ktIcogLMzUDjavtyFGMjSGc=":{"valueMac":{"type":"Buffer","data":"AqosVy+y/nZqWf1SbFy+S1FjRZw3AChheaoJAFw8oXM="}},"1QgEegJpjuzuNlz/mR+A6tqq6Q3OUlc6ifCiomRlEzU=":{"valueMac":{"type":"Buffer","data":"VW9IS82gPwNRHhWzxaXPfujSd9+C4W/3LYfDU9iZaEA="}},"1RWlOygd83+SWee8S1Hzn7s9XlepViJjeIFCMOhdEpw=":{"valueMac":{"type":"Buffer","data":"Mpe7O4t+Q9XkqQ4t44l7gOQqSXNBwjYeOJRgpfRpKSw="}},"1RikY2usquMAUqmaLUhP7GlLmz+cX6VhBw+4dikf8Vk=":{"valueMac":{"type":"Buffer","data":"FH93mObRMp5DDKzc3MFfnnU65wSltq6FfiDeeZEc9xY="}},"1qP8raVqu2En51C4mTF6uUWHAxmv6bJBNaZxWyzQCbs=":{"valueMac":{"type":"Buffer","data":"y3K1/k86TnN3xLl3QaUtwV4sMbCJOU0iS7I4Z4BtWY0="}},"10nIHMukwo7lCvkO9HaxD80txDE39RMrWvpK2/CaPX8=":{"valueMac":{"type":"Buffer","data":"IpvxfKucgkIcIzOgzdEQyk3YMRNVTsyASKKBxfBZiI8="}},"17uEPfiHTeiTT4UwK/RhWTFB/q8mhe9Ioy5V+YnuGQY=":{"valueMac":{"type":"Buffer","data":"DYJ0emB5dYVPVSxTkEwBZhSEzvqt/i2Ux6gDYyUjp4Y="}},"179ihcCxc8rC5Pzutz5GCifC/7GpLWPlHX/PnkjgWoc=":{"valueMac":{"type":"Buffer","data":"G3ibTi9Im/UAGOcp7yTye7XI6ONlbWV+N8v9cMkEUgQ="}},"2DW+u+ElXf/t+cg8Oza5Z4+Q9z5uek8srCardlIhyO4=":{"valueMac":{"type":"Buffer","data":"MSNiJxSDI0l0I6Zl8lJ75hnYg+ERH6pQj+s9AUVLU/U="}},"2D85z+Zo3MIxsHAvXW/qjAci9TSQSMa7oqQCHOkoc9Q=":{"valueMac":{"type":"Buffer","data":"5ERrJ+Lu1T6nYfKtKZVT+OIAUbjyezVdF6hX77R9I8g="}},"2GoEQezjnKSlLC3N/Nf5/sFwvxZLg89pQk8mLgev3m4=":{"valueMac":{"type":"Buffer","data":"io2xnIzrEQOvI3TFt8pUqNiK12dxahFmZ+9MuC9yOEY="}},"2NEveJtV8q3ebuPaSV0OK0zsYYDOuQeLWp4XpRkB904=":{"valueMac":{"type":"Buffer","data":"S60lgf068E27BPL0NjDZLcQpnmOjT8gdkLvccBnzJCI="}},"2eeICxBw6/5EagmKeYM4IQyv4ZNZU1B/42aySMx11p4=":{"valueMac":{"type":"Buffer","data":"9Gz824H7mQ4Zuv6vvigpvOlO1yR7fjgkP6fZuAbV0Bg="}},"2i3XkPFxC6y0uePoYW1e46mOpBjLJJlAEkNf6BSGb1A=":{"valueMac":{"type":"Buffer","data":"J76IOM8u4NeMsls4p6mBMP+jtMo0kKkbSx2THM+7R40="}},"2nDEx1ZY8XeOfFYYGaIy6/4kpvc0CUdlXkvL+8Wo2AA=":{"valueMac":{"type":"Buffer","data":"DRIl8pAiz0vlIK35WwurtiwW+khPURYD8VyoL4TUAnY="}},"2pfzrkkMj7E9qBoZqUzaztSWiAP+IXy8Cgh/RbeAvZ8=":{"valueMac":{"type":"Buffer","data":"MBB/TbCKXLw8XgMd7IHkp8pKHs8F4BSyizYl7Y8KeqM="}},"2wOw1EK77+qtLzGvlgalypBrcMyL3o86gGKXqSHEDuM=":{"valueMac":{"type":"Buffer","data":"NPqd7gHcgAT+N+7wqmtzQ5j80WJTp6YG2k5nrl6JFzk="}},"3Bme/xHmuhydi2KY9dIv5fi/oG6HAiqCiDjuMrifwos=":{"valueMac":{"type":"Buffer","data":"UVMZaSeq6z8wdzumQpMbp/QAoNVuO7c19wFYrU5DDs0="}},"3E3VC5B+LrEN9iivVq52z7KeMHyPMgI/CaowWUb9Kpc=":{"valueMac":{"type":"Buffer","data":"bRD3gXXqRqFKymTXtUq+sx91P5G1fS8Mf3QSwGqde/k="}},"3F1nJpLlhG34FnavC8hbGwGVbdTv0ZZ77NHBBKELGpY=":{"valueMac":{"type":"Buffer","data":"VswNRlZ918beV2iku0921HdS077ivJICvnJZPYpOYmE="}},"3JoobSNHEZXJhnXI0Xtl346rNt/CQ9ht9DQf5H8QHcU=":{"valueMac":{"type":"Buffer","data":"aFrlYuJVk3rqVM/1mYilmTw1VbHpkfPTz9+bFLmobm4="}},"3KpoKzNxDB2D98LqZ/A3jClxHvShD7WXlBvZ8g9788Q=":{"valueMac":{"type":"Buffer","data":"Bjuyn/Xrc/NvFIa+aeEcgyRHqIW1gv66X8IEXgXyLYQ="}},"3O0NY8afEOlVbX2fnSLOP6GeHRCBUIf3bGWkFYufKEk=":{"valueMac":{"type":"Buffer","data":"u8qWj7a/yHTz8f7s7ITbxYWRJQMG+MgDL9arUyIwRX0="}},"3PKMHDtJX9iyPL2w9wGfhMLwGrDh/KuTbu49j1fLSXw=":{"valueMac":{"type":"Buffer","data":"dZbJoSWNxBimGeAlVTuKyQdrwEA3vEtrn9l62wF8UME="}},"3VmT9vowln40kL40OYCnt9Be9WCTNpMLpZ+87EbBy4E=":{"valueMac":{"type":"Buffer","data":"y1vMcXfWK1S6VFePv9pLCXsrf8zXH6K41Jo90xiBRmI="}},"3pvDncPzvURc1dlgHDbFjCWsFiZzwIg64Rm4bcMyu0s=":{"valueMac":{"type":"Buffer","data":"6brGXRQH1MDl8HmI8FqJgHc6+e0hiDzXnsPXaMNcpXY="}},"3vF3In7WUX1mzAzpTZ0dZE0Lfxqanjy3CbVAT/Q4sr8=":{"valueMac":{"type":"Buffer","data":"4gvDWUdGqdSjdGFkFyHov6Q6SPoP4gNU8qscbY3b9Q8="}},"4Art/jHAU7I8vMkKoBgzybbS/tYKlc+s0m4B8jLzGdI=":{"valueMac":{"type":"Buffer","data":"pmdCjZl+nClM/b/V41VORrWVoV/RVu2OIV0DMUy2LJ0="}},"4BYHksqnUIsZFrZABRWrKoc/ySPediIubDd9nkjNVns=":{"valueMac":{"type":"Buffer","data":"Xyow47JNK5oJ8LNUssH1tHbqlD0OcmLYBqAEpiEv7Ns="}},"4Lg/WoEmV7OD1uyjesK9zHmRAe8INBDMOaxb3uOChT4=":{"valueMac":{"type":"Buffer","data":"yxeVBXlnc9boraXqkhrvYjKtHUXaV4wXqohc5cwAiVI="}},"4RsJr3gFX9kRmCRa141pN0Pnos6W/auTI55R1bt5KLc=":{"valueMac":{"type":"Buffer","data":"0A1mb5ULuq4qIquq3p9HgMdL2BsLHsEmDlx6Wyjk6TU="}},"4pBzqMh7wenUGrWltke8exYpnm+XUVV/ccM3pu/WVP8=":{"valueMac":{"type":"Buffer","data":"xQtdP0MPsg2zcEeApnVGw+CB7g4kFwDa1Fem6D/cfh8="}},"4wrLyNhUM8Uu9j629uZ81zXPQDrc2DqJ22E1l2ifDrg=":{"valueMac":{"type":"Buffer","data":"hixdIoTgdpEn0k2Nz4SGc98IxAmtZgwE/V9dagZlJ14="}},"4zfVb4TKxviMDTyrZvNg5aMb+GCZDjDr2P9di5sMYU4=":{"valueMac":{"type":"Buffer","data":"lbBRcSg8ukLllKfFOf1yDXK61Ty8E0nBuAxtdGwBKn0="}},"5Byvgk8+ZO/ZG/zbPVqM0Ah14+/6C3yTQgUVqo/ixZM=":{"valueMac":{"type":"Buffer","data":"QWnhNEXTmepO7w1B5nClACgcqCMoLUzxe/Curd1FW2I="}},"5EysSqBI+Bkv5lCHr2OIQQD6CPfZxUvrxmXRmq7BunE=":{"valueMac":{"type":"Buffer","data":"uRsYyA7YNXDn/E+spdCu4m/GoqpZ87vDMnaOhzueXA0="}},"5KhZlPRNcPmNdJb7SPEfie9C0xk59oWF17YZKWF2IQY=":{"valueMac":{"type":"Buffer","data":"rdd5VonITg9BVantbbTN7y2zg9EIRLot6WTojtOZjlM="}},"5PJA3lspD+j4IPqOaM21n/dqXE/yGJ0W0PBJAyJ4cSk=":{"valueMac":{"type":"Buffer","data":"q2rzFBrVny3MyTvocyui7BW6Ix6RF8l7J0bP7U+H0+g="}},"5sD8HcAiYbJrbzOP9sFn35JeufbCgaC7Oz03NALJ3I0=":{"valueMac":{"type":"Buffer","data":"rK0ccKgwvfeK9y/yzQKfyK/usYw9Z9XrLwTuvnTcuyk="}},"6LZBzyuB/uDQC52pkdsqcQhabuTn+t2fa0+vuJv/u5s=":{"valueMac":{"type":"Buffer","data":"06DnGJmV4I/AuIM4BnLI5oTtar0v3Jabqh1bqvjnfXc="}},"6QY3Z3EmRRxS78D/eGmk0gqE+CrAOMfBbWgs5jRc9T0=":{"valueMac":{"type":"Buffer","data":"ZfnoLi9jgdBFFvwXmycPX/6Tbo5Kt3SAITTcJgxR4B4="}},"6ZnsgHepn0T+F3Riu7sYEN7vX3q2brEj/kXHxABmN+k=":{"valueMac":{"type":"Buffer","data":"cbCHB3PewGT7JjQ2MSjGmOVn0LfQhyLQ9CJS8Rt7tWU="}},"6ad153Wbi2qA1RM83Wusi0xjYshd7uJSH8bBESE7xsU=":{"valueMac":{"type":"Buffer","data":"s2dD3fx/9H+Q8KJdTaJtVUeDf/VMne5ScGxpCwvGx3s="}},"6eCTsat3Q7j8Qy479id/D2aXe8nEmUpSsQvWkGbsEFk=":{"valueMac":{"type":"Buffer","data":"Lv7jU8mHiKV7mze9iSsA9Y5/Z7jRyJMKrQ+TaBIsP8w="}},"6eebgwoJ3ykqtsJkFJAfyCgUIn5Tt5RqgN7VW6YNto0=":{"valueMac":{"type":"Buffer","data":"PDQVlvdoaegTo111hIFd/326KIcwSm7IRfajsO75UAQ="}},"6estwm5FrDOKCZdozpAxld50CTDvE2iBxDJ8S5ih7qA=":{"valueMac":{"type":"Buffer","data":"7+7Sg7IvPw72l7k7gIKE2hgmhlO7tL+nNxLlQSixuB0="}},"6hPs6INgdO4/TYL11nT8VEQgrav3EjW/ao5HwtLv9ZU=":{"valueMac":{"type":"Buffer","data":"zqJBqBd3TNMBaNyC/AqayQp2m+9fWr8T4VCTpLnTzEE="}},"6jDBJQ2M0WGYUER4RLz8M0WmYLfdrPw+Wi5AaYfc9Q4=":{"valueMac":{"type":"Buffer","data":"KuLY4pEx8jIbeomGwYpZJGxQwz+JXtBnGBRzvD4dq+I="}},"6jmWn20DbY08glmL9E/jNkK8UiGARNimQVYejpdWcxQ=":{"valueMac":{"type":"Buffer","data":"6ytLrrYmUJZW37rUvuLaBGWg2XD4N8B27dKTGxeY1uA="}},"6kinXBFtCKTISu2b0Hvl+yRD5ChQOkHN3WdKiop2A4E=":{"valueMac":{"type":"Buffer","data":"M6ZMungGYmBeaIdd4oKs188a/poI0PFQ59GNBOjXbA0="}},"60K6XKTUVCgFhPvFZkunDCWjQT74Mn9yh41fy+NDvqs=":{"valueMac":{"type":"Buffer","data":"aefF3GbtLFbTuerZtmTIpMaLViNwRGkDbaqiZhL6hzQ="}},"66xvpVfIjM583zAjYkD/OyAgCHScciKX8lRxb7Lvs80=":{"valueMac":{"type":"Buffer","data":"MbeSsUFOtrIqct/81DOp9CzwlFlns9hhFJSz+Ac/luo="}},"67vUUK7/vqOy/m34gRUd9jOYtHr14OIyHzhbIuhX1Ug=":{"valueMac":{"type":"Buffer","data":"PIiToVXWo0TR0NJuqZPZPVjGz+d0q8RvbYsrE9xjNos="}},"7Aj4NkFQ93B/RPdETi4B7R4tigxP1RLg6W6nG00q3TQ=":{"valueMac":{"type":"Buffer","data":"uBdQvoQel22octtfcnPO8ua26xb7uq8qiKGC+vPk2fo="}},"7MnzJsjLJyhK5TsrWamZEQmr7tqlSm+le8FQS38WZNA=":{"valueMac":{"type":"Buffer","data":"Y6CvoASEMN21qfaomwrZe2Q6gFhrVJLfx3lTuUDC9+8="}},"7WLqLJozDn4rPEseCjdFBIA83gRVkPnnSXcTvdOj/1c=":{"valueMac":{"type":"Buffer","data":"Kxtltka4QAs3Rv9Cl4AeGJgKwRAmqrsRU1kmwtUbcgA="}},"7WmLPSaL98r5/hoZKp11ioRxkFXEy3hNQbjFbPMuBr8=":{"valueMac":{"type":"Buffer","data":"pf6Zm16X45cuGuJNJJG+6PTxxsYZuytlI6J1OYtu++0="}},"7gYVPpkFlhsQcGb1NvPR7dgs4Nk2PmO9edasN/aLtyo=":{"valueMac":{"type":"Buffer","data":"06QzK5vUOlXXdt1PXQLb0R59uffRMFGptPE3tUQsh4o="}},"7hJsfdbu6xX2oMNi6VN5aNd+FfvUEz0mzceIX2S9yec=":{"valueMac":{"type":"Buffer","data":"F+p/7y/A2iD1BbPmgPCadzFBOVxTEAKpa8g7ciuJnHQ="}},"7hu+ByWpNwyznAss6/Tz6StcHOvDjm6B7RYkdvRsn/8=":{"valueMac":{"type":"Buffer","data":"m2PKAf4dBlIzrzOHsBMW25McdtNmORYQOy66L3XrgC0="}},"8AAS8B20sxToVK0++CyQWCfBK1PlnsD2LRSwwbn7T8U=":{"valueMac":{"type":"Buffer","data":"6GZaNHQANQ2cp5axsVd13OvJWWzdL+rGWNaWzzByeNw="}},"8CR8oa9mFVp9dX+YwxihzWNw3yCaCDqEv0TOKVmooaA=":{"valueMac":{"type":"Buffer","data":"5X4vqiPmAn7HOry9Xyw+dJw+y+iCw5IFI1gK4gpy1k4="}},"8FolcASkgYIpVCvXOG+g48mECN8bTH4P7qQ7hLGdwyo=":{"valueMac":{"type":"Buffer","data":"VtyuNnC83y3uejbKgvUPDeRUh5OWghQHZey9j/RFPNs="}},"8gHWA4A66Qq/dfpIZFT7xvhuTZp7Yj4uNEFExBV7FuY=":{"valueMac":{"type":"Buffer","data":"VaFExrF3PVIGjIsiLz9JtSbTy4vqjxuV5iSgTa71Y34="}},"8tMZHPJFNUTQuh8pa7tZuzvL4yyYniZLqvjXFNj1vc0=":{"valueMac":{"type":"Buffer","data":"nIrOY1BJxbFQ6qiFtNF1k9mVKcn6+N+hWqOpCJk8um8="}},"8vbfOIQC9HEU6vyId2kcQwP6juHtfHdn9ILMNH7YTmg=":{"valueMac":{"type":"Buffer","data":"EEVa7M6JOa9qfJiZfxhUnwHaj/9+Z6wV7Ld9SgI7OaY="}},"8z0HqrsS9DeDXdlMxMzvPol5RzXA4WOcFDAodPz2Tec=":{"valueMac":{"type":"Buffer","data":"3bcX89N4ydGL10iqCvyR/55zuUZTm1sq6p0uOqo8Dk4="}},"8+tsqgXOl9Un/rXmGxNxH0Zt1up0mFZJ3gzmmckwROo=":{"valueMac":{"type":"Buffer","data":"tc8OkXNngKozcvx+bybZtE2bxgx06TWISdcjxvtix+Q="}},"9Hm/2R+R9N5qBLIevuMI4JU7+hpbFnjxKtRwogmQdCw=":{"valueMac":{"type":"Buffer","data":"UmrtSUqthA2b52exnx5mLEY5Yzs3A+sG/ews1f1IyrY="}},"9VEuSpJshin70ouNHaetrKllT9/dBb0CUbkWxmaHZfM=":{"valueMac":{"type":"Buffer","data":"smWr8zLQr/eicAuTjAFssWZelSqAn2X59ccrfOTQ748="}},"9eaMS7qM+pEh0wrpOzvqtxmadfDX+26Eo82nCSkLsm0=":{"valueMac":{"type":"Buffer","data":"Q7as2g19FHtHfEd7PgTCaY8K7Jd7df9ZXF1nooKiB5U="}},"93HfAjY7FBp2yIqyRqRjcOicJqrtkYTrFPqmbwiqhXs=":{"valueMac":{"type":"Buffer","data":"H2a/i/9KL14xJgmzdkCP9J2/JpxrejoFPoXWZJcbxeY="}},"+Avy6unain/xGhi2RoWrnXLl1/wtzradivjNoxol6uI=":{"valueMac":{"type":"Buffer","data":"woohduOgVXnD6MYNroUfZ71eQEE0VrWK/AUNakheiDk="}},"+C4uWSnCJS8r96exg1bva1AwB8rVgPg0GNnybc3D/hM=":{"valueMac":{"type":"Buffer","data":"4SG40l1tKj4mZ/iJorASXFDHbMxCkUyIayItcSMwxZo="}},"+Sj1ZajwzaWD7XI7DTQaqbvRxlYbJR6tmfMV9R6x5jk=":{"valueMac":{"type":"Buffer","data":"k04hKd4Dua+SrCbmX1k/n0mve74F1NdLHhiRl+Zzqu4="}},"+Th5A85FgNDTETpJGfcthlVHLwzwknNk4xbPvO/Tp1M=":{"valueMac":{"type":"Buffer","data":"oTy0U3wh2qmSeBEY26rw+CrDcWwEzb9M4ESAGsF1jK0="}},"+ZBp9jmy0WBAzlODjUZRhTdLQBlpxeQE4CZW5XwH3XU=":{"valueMac":{"type":"Buffer","data":"xdKdaKyUUzFYUqZwUJnVM2xtuo9CapTz+MBrECQJsgg="}},"+eLB44A9OFB4xtTEqFOWKLk53xU/4JjWS5yW49I6vQU=":{"valueMac":{"type":"Buffer","data":"TXJlquTC/e3gZ4C3TDLi8aUeybpO7p0WTFp2yeCRQu8="}},"+vQtM/UFTxCv/3NwqrgTrCwhrTmhkqXYBzJrCg8RZJE=":{"valueMac":{"type":"Buffer","data":"sU5Jn6swrLH6Ml39HcbvJPNkQxgDurJRPab90jYgKk0="}},"+yW4T6JoczqaHdWpPtIQ+P27GFLprITZ/XzPww/lmuA=":{"valueMac":{"type":"Buffer","data":"7MbvNQno5YOoMZ1NcgZoKWlyA6Yzg+mnRWyPkI6iSEs="}},"+3DpoyPgzoSYDgxoc1z0IXAWrTNJURTc7FpuUOQGbks=":{"valueMac":{"type":"Buffer","data":"30oEj+dKmh3845SppKHYEG6+ogAOGzLPpPzLPFf+/cY="}},"+4VuQLnKIFhgT9rZu2hZLaNcHUy+5sc2TyJwBD9gIvc=":{"valueMac":{"type":"Buffer","data":"n8Aum+xOFJ4C3DWYXQkXwcD0RYPYDv/LN5MWeyiAMks="}},"+7TjIZ37siLxS6AlXSwp7ae3eERdd6JG2XYXYRIZgLM=":{"valueMac":{"type":"Buffer","data":"1TbBGJCTAj4OiM+cZsK8nBiw66XwBPUZ26d+F1TKyKo="}},"+7Z6wx/MiboYbewL4BE8YfThDrgzwlZHPQ6zx38XZhc=":{"valueMac":{"type":"Buffer","data":"Ppjoze9p7sQ9MiwsOGxhpV0GmahYTgGC+k3dncEVRsE="}},"/Cjpvf4opy8+UTtEAO574WxqcBbvRAcfB/Bw9Gkc+Y0=":{"valueMac":{"type":"Buffer","data":"q8QvlH+MFfpBy6L07gzBaemy9JaHOAqfvdHBBqp05lo="}},"/C1HRbVx3hdZHAjhLPVWeR8O1UjgN3C6pgSmlzKGCyA=":{"valueMac":{"type":"Buffer","data":"BPg4GwqC9QCHa4rqx7dYVEJEqLXzAzLpZfeF2h1SCdE="}},"/KZJzOIHoVKQE1023iZ/zuwWfQ9LZBnIltw1lCv3Iyo=":{"valueMac":{"type":"Buffer","data":"S0EM7EVg5WnBAGAb/3CHzx4wVB8kcaNLkApOzhXHWYo="}},"/fXyZwTkwotmEKqQesIY5ubb9MGUns14wCw3T/ysxVA=":{"valueMac":{"type":"Buffer","data":"Ag7HNojBS4dZ0laL+jBoV/0Ud7tfSNDhOg26ydpLfn4="}},"/1I+67GYQe1KHa7SOar1b/t7V/nkuhDIrWInEzE/RRs=":{"valueMac":{"type":"Buffer","data":"DLhG8wCnEULBEPHgVft0Fnf+eJPEx6DuRvhqAA+dO4I="}},"/+abjawd1E9+luupF4ENtQBwXpeCJj4jvjCedvD9Iqs=":{"valueMac":{"type":"Buffer","data":"mksFvD3Zph+TscmXukW+P3o/Eg1RAO+61vQJ2N+PnFM="}},"lQP+ZDISaJi3DlBQ79a2naR95DNhPAGfy2qqeJlEAjs=":{"valueMac":{"type":"Buffer","data":"Hlh1WTStDzSaJQCFymBYkCnobamaZsVI+RorFmWOLt4="}}}}