{"noiseKey":{"private":{"type":"Buffer","data":"ACZAUi9lW43jHnHtZowCIN1ubXxuyz79hQKPw/XW8Fw="},"public":{"type":"Buffer","data":"oPHqgduQgP0SENzI5SiDXU8aJlc9HobWtZIuzmurH24="}},"pairingEphemeralKeyPair":{"private":{"type":"Buffer","data":"GDnRiqc+gVaNjlpwFQwqa+rm31T3CX0c/ztbK/ViqFo="},"public":{"type":"Buffer","data":"tpMi7T5tsIqza6sycMmqA0FBD1VFNPYdy2R+DMAZ6EA="}},"signedIdentityKey":{"private":{"type":"Buffer","data":"+FFXRoqYsdefdk+CMSarhXoBaT04t833YCa8dtuXRGk="},"public":{"type":"Buffer","data":"HdY1FDLsl0UhKWB/pWZ0M9vLGtaW8Ohy+O+9TNGlrwE="}},"signedPreKey":{"keyPair":{"private":{"type":"Buffer","data":"MGJ7MmNgp+VRcJGN+R34Dyz2Cw114N3qbrSkL0ie33c="},"public":{"type":"Buffer","data":"VAbfaioDNWG7Dr789uAc/0kQY+R7IQ5vRd1wsMvrmmE="}},"signature":{"type":"Buffer","data":"d6/lKwWu8Jyo3JZszK4wZsfV1UAzJdirUXIkrl88g/fqFI53rDm6WylFmOR0lvSXWr/1BD/mJXHRMrvg6Dy6Cg=="},"keyId":1},"registrationId":120,"advSecretKey":"L84nqPvVwabE1iUGFIvpSCivoBLMOFlDx5kFEME4Mms=","processedHistoryMessages":[{"key":{"remoteJid":"628895090996@s.whatsapp.net","fromMe":true,"id":"3AA171964F38EDE0FAAC"},"messageTimestamp":1721940372},{"key":{"remoteJid":"628895090996@s.whatsapp.net","fromMe":true,"id":"3A76D8884C61ABCAC960"},"messageTimestamp":1721940377},{"key":{"remoteJid":"628895090996@s.whatsapp.net","fromMe":true,"id":"3AAA04C64215A2C33784"},"messageTimestamp":1721940386},{"key":{"remoteJid":"628895090996@s.whatsapp.net","fromMe":true,"id":"3AD2826D56FAABDD10FB"},"messageTimestamp":1721940393},{"key":{"remoteJid":"628895090996@s.whatsapp.net","fromMe":true,"id":"3AD1E4CB88CFE77EFA15"},"messageTimestamp":1721940394}],"nextPreKeyId":61,"firstUnuploadedPreKeyId":61,"accountSyncCounter":1,"accountSettings":{"unarchiveChats":false},"deviceId":"H79tDBXATue46dA2I11zbA","phoneId":"76d240cf-2b66-4298-ac82-310474aeb39b","identityId":{"type":"Buffer","data":"FoCoAfYSWylfXvM76wGqY2Plk8g="},"registered":false,"backupToken":{"type":"Buffer","data":"yvCBiHDS3kb9p8RI0f+w5YX3LqU="},"registration":{},"account":{"details":"CMPOuaINEIrzirUGGAUgACgA","accountSignatureKey":"OMXo+KZ3GgVNk1wmybHANhiX0V09X9hsPAI0RY1YP1Y=","accountSignature":"FyoLpXvPs3qliY0fTFNbqfrKDeSMFWm/bINJNp3OCN/7M24hRlGLHbaItvIYI3r3Fq0gaL/CSWM27kgX3d9Cjw==","deviceSignature":"ktZv/jjKnm/DyCE1lyZSc5ERLsDpe2Zmom6SZbkkA1hyMyhmWDZtrBju26vBqvyleU+rZZWsrom5mdhWzk1EAg=="},"me":{"id":"628895090996:24@s.whatsapp.net","name":"icase","lid":"149701118681126:24@lid"},"signalIdentities":[{"identifier":{"name":"628895090996:24@s.whatsapp.net","deviceId":0},"identifierKey":{"type":"Buffer","data":"BTjF6PimdxoFTZNcJsmxwDYYl9FdPV/YbDwCNEWNWD9W"}}],"platform":"smbi","routingInfo":{"type":"Buffer","data":"CAgIAg=="},"lastAccountSyncTimestamp":1721941392,"myAppStateKeyId":"AAAAAK9P","lastPropHash":"2RutN0"}