[{"senderKeyId":211959624,"senderChainKey":{"iteration":1,"seed":"Y4WwFhgOXSnIToEu+gOJiXSDWzR0cHy7CFzTmq2FlBk="},"senderSigningKey":{"public":"BW+NUPPlif6snTSjGBNSMDioQS67whLudJLAxkUMwp5y"},"senderMessageKeys":[]},{"senderKeyId":1586216061,"senderChainKey":{"iteration":3,"seed":"+WNS4h/IsPVY+KZCN8PwJ+CSeRGlX7br/VY39c0KA1Q="},"senderSigningKey":{"public":"BYVDRBZat21QASSTkZFcGAm2Q7YoY8hTDXgMwSlq+hs+"},"senderMessageKeys":[]},{"senderKeyId":1586216061,"senderChainKey":{"iteration":0,"seed":"IajTfkBmsmu6Jdrg7c2a3u8rsvJ5n23ZIMmfPPllLhY="},"senderSigningKey":{"public":"BYVDRBZat21QASSTkZFcGAm2Q7YoY8hTDXgMwSlq+hs+"},"senderMessageKeys":[]},{"senderKeyId":1586216061,"senderChainKey":{"iteration":2,"seed":"862VVk3Rdw9PMgqIVllo3ZNqLwjAD7V/nS7dQQq7eUk="},"senderSigningKey":{"public":"BYVDRBZat21QASSTkZFcGAm2Q7YoY8hTDXgMwSlq+hs+"},"senderMessageKeys":[]}]