[{"senderKeyId":442961641,"senderChainKey":{"iteration":0,"seed":"TAjghKlwUWOVteHkO8k0q0dVLLb7NkdOKHSvTfO3TAY="},"senderSigningKey":{"public":"BUMAtCuaJ/xbyj36a/F9SpBNuTIfljPfVriiRojnn1xA"},"senderMessageKeys":[]},{"senderKeyId":442961641,"senderChainKey":{"iteration":0,"seed":"TAjghKlwUWOVteHkO8k0q0dVLLb7NkdOKHSvTfO3TAY="},"senderSigningKey":{"public":"BUMAtCuaJ/xbyj36a/F9SpBNuTIfljPfVriiRojnn1xA"},"senderMessageKeys":[]},{"senderKeyId":728045298,"senderChainKey":{"iteration":3,"seed":"Pq4TRpD1YQrNOKpITd3m2jc+bb99RKTqJhIzZY+YOcQ="},"senderSigningKey":{"public":"BTyZmQddjDEbJh95xDgeBGcrRAlnPU7U/gfMtu0PZPw8"},"senderMessageKeys":[]}]