[{"senderKeyId":1708544908,"senderChainKey":{"iteration":0,"seed":"uaePUCpiKB2bRMr9GQGUEIQTBxSNQEflveEhrrVsZjk="},"senderSigningKey":{"public":"BQ1mvrPxi7rMPTs1Bv1hiHr6DTpf+HrHvu58LT072vtL"},"senderMessageKeys":[]},{"senderKeyId":47869539,"senderChainKey":{"iteration":3,"seed":"MkyEFFTl9npmXIJJaEp+pzFWltXdnQ/z+oM7+Q98gkw="},"senderSigningKey":{"public":"BfRWCaacLBM3N/HUC6zCE2W3HswrnlCTxpdtaTNb4sYD"},"senderMessageKeys":[]},{"senderKeyId":47869539,"senderChainKey":{"iteration":0,"seed":"yvSZ7drWvLZ/dSoMbGeLJX/1lr46yJz7QIEFgz34Q2w="},"senderSigningKey":{"public":"BfRWCaacLBM3N/HUC6zCE2W3HswrnlCTxpdtaTNb4sYD"},"senderMessageKeys":[]}]