[{"senderKeyId":589891618,"senderChainKey":{"iteration":5,"seed":"LEWym6q71sDX0aGbE0EdlZ1sGEBPc8uQa1lLQgRdsPg="},"senderSigningKey":{"public":"BU9EMcWJA7/92FvA8PcCOAT85+c8+IeQ8MnYl2wQjE8/"},"senderMessageKeys":[]},{"senderKeyId":2082880602,"senderChainKey":{"iteration":1,"seed":"+mWLpf5hxNTKcNnFDZA0qXCRj/QNfG7KaZFmdKm9v4E="},"senderSigningKey":{"public":"BYFjBuop7IrAPfbHdkn7Eyj934wbyICxPLI96QjnMJgJ"},"senderMessageKeys":[]},{"senderKeyId":1678526627,"senderChainKey":{"iteration":5,"seed":"ynW/sC2ahKRD42AcDG8ks9l+YV1wMjQ8fOLDPCA544k="},"senderSigningKey":{"public":"BdRpZXScxybgeAN8C7sIJ6QTbXRUXOdiVJ3D6TeJ6PJF"},"senderMessageKeys":[]},{"senderKeyId":270519672,"senderChainKey":{"iteration":6,"seed":"0P9akc1UABQw1+VDALhXChxS2x821v3O9jkRNF57uzo="},"senderSigningKey":{"public":"BeCemObvQN0uFkE5g/Nn9BXBE86rXH8nXWbRNvuXE6Nf"},"senderMessageKeys":[]},{"senderKeyId":451205252,"senderChainKey":{"iteration":7,"seed":"HmHFjNgApLouRT3Amj3YPyPe7W3epbSfFaT1izgPY/M="},"senderSigningKey":{"public":"BSOuqLCXvQYSV7bH7r5bYK78q+8KXqaOOy4g8HFfqW9i"},"senderMessageKeys":[]}]