[{"senderKeyId":16117366,"senderChainKey":{"iteration":53,"seed":"kqlH4uGen4NAa+hFShsMwIXecPQ41Rq+VooMVWhEa5s="},"senderSigningKey":{"public":"BRMplX4oWAW8fy/A0l7weHE1irnGcaayRPRCFnX7kR98"},"senderMessageKeys":[]},{"senderKeyId":2099235995,"senderChainKey":{"iteration":67,"seed":"RNAu09g8Bp78R/mELjOq0yyEQZMRgxaIGzJvG1tn2XQ="},"senderSigningKey":{"public":"BdiGy2BZATeWF34aFMkbzlWAyg1G4QrN81RnAsT1D5wN"},"senderMessageKeys":[]},{"senderKeyId":2099235995,"senderChainKey":{"iteration":8,"seed":"SNZNlm0M0lrNEzlVhD9lh+p0lHHU9hhTd7ruZn+HH+E="},"senderSigningKey":{"public":"BdiGy2BZATeWF34aFMkbzlWAyg1G4QrN81RnAsT1D5wN"},"senderMessageKeys":[]},{"senderKeyId":1427762070,"senderChainKey":{"iteration":185,"seed":"NXqGcneYvMQJdKEqytVfo5mDxwMDbfIp+v+RKqe7Mzo="},"senderSigningKey":{"public":"BRlNbenapzcF4nONgyXE8ZFg77bIklxLIwI2OJph01ok"},"senderMessageKeys":[]},{"senderKeyId":1427762070,"senderChainKey":{"iteration":26,"seed":"8tpk/zVXHKVfF+f1e328w3Oh3O79Wbw2GhHNqGldSto="},"senderSigningKey":{"public":"BRlNbenapzcF4nONgyXE8ZFg77bIklxLIwI2OJph01ok"},"senderMessageKeys":[]}]