[{"senderKeyId":253970261,"senderChainKey":{"iteration":1,"seed":"9ut5e+EtbrpoGhyi3aVhu6fmTW5gvOP+uIxWx9dag+Q="},"senderSigningKey":{"public":"Bd2XNjHxld1jUPIO5BEAAqEqp7DsxVUIoWQg3T33fws5"},"senderMessageKeys":[]},{"senderKeyId":242969293,"senderChainKey":{"iteration":0,"seed":"dLaHd4wzcGgQ8yvxKS5iC6feGSJ7A8YLJNlUhzo8ihk="},"senderSigningKey":{"public":"BT5hVDTu6ILqDgoiLlsXkjEiQMuHQyGohN2wTXYgRJ4f"},"senderMessageKeys":[]},{"senderKeyId":129823693,"senderChainKey":{"iteration":1,"seed":"/X8ZYjNAaz8aF5CnPI2b8JIUvP452k3/utrbosDqz1A="},"senderSigningKey":{"public":"Bec+ii8V5oZe9jtDQkXWjiw5ME8Ivjj0qbx7HHAc0IgL"},"senderMessageKeys":[]}]