[{"senderKeyId":1145796588,"senderChainKey":{"iteration":2,"seed":"zazIK0WFp/Vtl8TxCIqK251qV8sWUfXSD2AXf4TOLYU="},"senderSigningKey":{"public":"BWJw3BYGCDUB34KoFn5u3TConqkEa36vuaVYhLlD7FQv"},"senderMessageKeys":[]},{"senderKeyId":1145796588,"senderChainKey":{"iteration":0,"seed":"7g5Q/OWff1nPiH5iEOHfwqKLWNoKPSosWF8kbfwYAe4="},"senderSigningKey":{"public":"BWJw3BYGCDUB34KoFn5u3TConqkEa36vuaVYhLlD7FQv"},"senderMessageKeys":[]},{"senderKeyId":1145796588,"senderChainKey":{"iteration":0,"seed":"7g5Q/OWff1nPiH5iEOHfwqKLWNoKPSosWF8kbfwYAe4="},"senderSigningKey":{"public":"BWJw3BYGCDUB34KoFn5u3TConqkEa36vuaVYhLlD7FQv"},"senderMessageKeys":[]}]