[{"senderKeyId":1574664740,"senderChainKey":{"iteration":0,"seed":"VoYFuDcsccoZo3pRSaZoqXCf7sF09hhtLSZLZfl+Jyk="},"senderSigningKey":{"public":"BdApKm9yqOTGxAspXtywck18Nl10Vq7kWlBUyG8WrNMx"},"senderMessageKeys":[]},{"senderKeyId":1574664740,"senderChainKey":{"iteration":0,"seed":"VoYFuDcsccoZo3pRSaZoqXCf7sF09hhtLSZLZfl+Jyk="},"senderSigningKey":{"public":"BdApKm9yqOTGxAspXtywck18Nl10Vq7kWlBUyG8WrNMx"},"senderMessageKeys":[]},{"senderKeyId":968547017,"senderChainKey":{"iteration":5,"seed":"B3Ho7niu1s3yhyYoucRtiyFOR5yyfhoIEY5hrj/zEFY="},"senderSigningKey":{"public":"BWzy/GCS7+8UI4q/51SzysHtgJ7xqSk05lWZXM1cWcpC"},"senderMessageKeys":[]},{"senderKeyId":968547017,"senderChainKey":{"iteration":1,"seed":"ltkYKgkFg1/sjOze8RTmECnVqHnjN28VH2R9P/tvI3k="},"senderSigningKey":{"public":"BWzy/GCS7+8UI4q/51SzysHtgJ7xqSk05lWZXM1cWcpC"},"senderMessageKeys":[]}]