[{"senderKeyId":225102841,"senderChainKey":{"iteration":3,"seed":"8hpz/0ZNSSBiJyJyUvaae8mZEHZ1Q+eLwHwsqWyYtNw="},"senderSigningKey":{"public":"Bc85X4JJlrgb+AkrW//rw14FxgrPzR6hIjh7SmvfwmJ5"},"senderMessageKeys":[]},{"senderKeyId":810448106,"senderChainKey":{"iteration":2,"seed":"9kgFQxSW0L/HuDBpKgDJr/ml0UjnKnnR4XZT2eAWmcA="},"senderSigningKey":{"public":"Bdc53xIKkvv2Lu3N8pLsEdol+w1QCTPlTRPgEVseec1B"},"senderMessageKeys":[]},{"senderKeyId":810448106,"senderChainKey":{"iteration":1,"seed":"weikMeQNzTEUOZtPXetN7In2MRkKAPFs5kBP+bA4sEc="},"senderSigningKey":{"public":"Bdc53xIKkvv2Lu3N8pLsEdol+w1QCTPlTRPgEVseec1B"},"senderMessageKeys":[]},{"senderKeyId":1812144339,"senderChainKey":{"iteration":3,"seed":"y9Qh1ndbmwFLy1iPzla4nErNdNSAk1xknB+0vDPOJbs="},"senderSigningKey":{"public":"BTNQJ2hbj3Z14OPdJgGmS9pzO6pz4hSHPY//zWUd/tIe"},"senderMessageKeys":[]},{"senderKeyId":714528061,"senderChainKey":{"iteration":2,"seed":"Ezzafc4/H6qkEiksaGjJeoxQGbgiLvgFpZOUg2wzzwE="},"senderSigningKey":{"public":"BfUAovmcVNgdRMxqpq0gMNqS+L5xhui90lpAERC1bfl3"},"senderMessageKeys":[]}]