[{"senderKeyId":1621912031,"senderChainKey":{"iteration":0,"seed":"B6wcdn7K6nG68wNIctXFIRkoQjxQDEzXv+NqLwjEwFE="},"senderSigningKey":{"public":"BQiaRV1TmhdNEzefZhpy3IJc+GMzl+L43iHPZbOyWiQQ"},"senderMessageKeys":[]},{"senderKeyId":1621912031,"senderChainKey":{"iteration":0,"seed":"B6wcdn7K6nG68wNIctXFIRkoQjxQDEzXv+NqLwjEwFE="},"senderSigningKey":{"public":"BQiaRV1TmhdNEzefZhpy3IJc+GMzl+L43iHPZbOyWiQQ"},"senderMessageKeys":[]},{"senderKeyId":1120550861,"senderChainKey":{"iteration":1,"seed":"E+jd5r0yzhJcBLVbNar3F/tiqJNTzp1qrV/7yCOzCPI="},"senderSigningKey":{"public":"BRMxCUaY07VJtGerrFwWq7oPnNDUIdFw4LsSm1z/Q58m"},"senderMessageKeys":[]}]