[{"senderKeyId":2099882434,"senderChainKey":{"iteration":34,"seed":"l6WqMb4Ngj0DJlVqxeAJ6Oj0g/Ohu8pSrGwp6vrwvis="},"senderSigningKey":{"public":"BYHZej9I58hHoi9ul9yyD2oYWJhqIYxCQZqasgMRw2Ju"},"senderMessageKeys":[{}]},{"senderKeyId":2099882434,"senderChainKey":{"iteration":1,"seed":"IJnvpQkjhUEAN5dOx8jpSWvoV/C9/eCWSrN98R1dqDg="},"senderSigningKey":{"public":"BYHZej9I58hHoi9ul9yyD2oYWJhqIYxCQZqasgMRw2Ju"},"senderMessageKeys":[]},{"senderKeyId":2099882434,"senderChainKey":{"iteration":2,"seed":"IlSX8KYnoUC9TasL3EXBP2rsdu8DpyaDMdMHGB3BQHo="},"senderSigningKey":{"public":"BYHZej9I58hHoi9ul9yyD2oYWJhqIYxCQZqasgMRw2Ju"},"senderMessageKeys":[]},{"senderKeyId":1860922463,"senderChainKey":{"iteration":6,"seed":"GC1q57L+a9Y0tQctQZ8EJCK5V80GHAmS/SatQ4V/7PE="},"senderSigningKey":{"public":"BW+GUk+VI3q6GfY9maeSWKu9TnRXKmdJzo8+LTZGjTgn"},"senderMessageKeys":[]},{"senderKeyId":1439126856,"senderChainKey":{"iteration":2,"seed":"tH02jCjPR51e+3lzyWYMqwlTG07HTtQLuHnOtOni1VM="},"senderSigningKey":{"public":"BYV6r+wOuRilc9YOWAhzDlXNr8i1F6xxT4PQ5hyuDENs"},"senderMessageKeys":[]}]