[{"senderKeyId":1966170223,"senderChainKey":{"iteration":805,"seed":"pbkEp84bdP3OTdAoCBsMHr9VqEKip3ZBGOXGjWdV4co="},"senderSigningKey":{"public":"BX/T8KlCHw2gZNAX969vNiq2mjZpQuH34zFUyLOBwFI3"},"senderMessageKeys":[{},{},{},{},{},{},{},{},{},{},{},{},{},{},{},{},{},{},{},{},{},{},{},{},{},{},{},{},{},{},{},{},{},{},{},{},{},{},{},{},{},{},{},{}]},{"senderKeyId":1966170223,"senderChainKey":{"iteration":727,"seed":"OfJaFzAKC4JNI4Ppo+u4BRu+x+gIJFZsQ9fp6+23EZU="},"senderSigningKey":{"public":"BX/T8KlCHw2gZNAX969vNiq2mjZpQuH34zFUyLOBwFI3"},"senderMessageKeys":[]},{"senderKeyId":1966170223,"senderChainKey":{"iteration":781,"seed":"C0h28Pj3bU6e8BFEAuFoRtJD3OeatpeJ9hqznA+crb8="},"senderSigningKey":{"public":"BX/T8KlCHw2gZNAX969vNiq2mjZpQuH34zFUyLOBwFI3"},"senderMessageKeys":[]},{"senderKeyId":1966170223,"senderChainKey":{"iteration":789,"seed":"mexdgj8N0HlmshjXvXY8fjE3Why/7X38lyKUbEwJMps="},"senderSigningKey":{"public":"BX/T8KlCHw2gZNAX969vNiq2mjZpQuH34zFUyLOBwFI3"},"senderMessageKeys":[]}]