[{"senderKeyId":1275188699,"senderChainKey":{"iteration":0,"seed":"wM9xju4Ql5i9Y/0AcRr2Z/jaPG4UIw2qiDjUyTcOwno="},"senderSigningKey":{"public":"BY7NYxQkKhYIc5TRoDJKke1Mphd91q1pwRTMzOKiijUv"},"senderMessageKeys":[]},{"senderKeyId":1038842932,"senderChainKey":{"iteration":2,"seed":"nRMLW0kzuySF4uRIFV8XcNsAKStrnwaEX9EVJRwcHMk="},"senderSigningKey":{"public":"BX0UdYDvqyldwiyOxk+H+t61fnDla5cSXRGicAgXYeAq"},"senderMessageKeys":[]},{"senderKeyId":1484890261,"senderChainKey":{"iteration":2,"seed":"m+jFSWmtSI/1NnCxe2BxBM3ZBnBFBFEON4xdGJiNQeY="},"senderSigningKey":{"public":"BZBp1DmIfDrZmU547GlvArJ/djPPftYWFiycaXPy5XAq"},"senderMessageKeys":[]},{"senderKeyId":290501265,"senderChainKey":{"iteration":1,"seed":"9UYGN+e4BrQDjc1oLj7r7mf9AKrCxm671xKq4UGYQEY="},"senderSigningKey":{"public":"Bcnm6v0qp1J0z12kANIPd82vHEc3txsmP3DxAgABeFII"},"senderMessageKeys":[]}]