{"_sessions":{"Bc4ZgN/Q2Ltk5MuDVQLnXtLAcE0GeCZj5pPhnc5Bb00n":{"registrationId":1354273800,"currentRatchet":{"ephemeralKeyPair":{"pubKey":"Bdt1O/YsAoVJnVF04etPbn14CeXrsKVZR6Jm01FgVkAW","privKey":"gDCRk6lY1itKI1ko3/bK2wyt9mZ5vm1g3/La0cWKxnU="},"lastRemoteEphemeralKey":"BUMUHvd1OKPtiLvz3G7oW09mmBHuK8XSXgNcoekUBJpz","previousCounter":0,"rootKey":"zMxEkvh8JPTeNR63M6RtI5lswoDO0tnBk/1RyjJ3ZxU="},"indexInfo":{"baseKey":"Bc4ZgN/Q2Ltk5MuDVQLnXtLAcE0GeCZj5pPhnc5Bb00n","baseKeyType":2,"closed":-1,"used":1722096759674,"created":1722096759674,"remoteIdentityKey":"BUdtSF9/nGU3od7zqOHL/dejt4vqjAOLpIXFBndOjTIr"},"_chains":{"BUMUHvd1OKPtiLvz3G7oW09mmBHuK8XSXgNcoekUBJpz":{"chainKey":{"counter":1,"key":"mEqjumoGJzj1GEa0VsMhHPQR9yx8w/9xyxa8KIn44lU="},"chainType":2,"messageKeys":{}},"Bdt1O/YsAoVJnVF04etPbn14CeXrsKVZR6Jm01FgVkAW":{"chainKey":{"counter":-1,"key":"9+Ok3+NDMXfGwL0x02WoBSc2rKA8jenwE7vY78K+QvM="},"chainType":1,"messageKeys":{}}}}},"version":"v1"}