{"_sessions":{"BfuxfRHfkWBuHMWfeZRmTRNdA9VfaRIWo5sznAVRNl4w":{"registrationId":1141693829,"currentRatchet":{"ephemeralKeyPair":{"pubKey":"BT1f9Oldh876kdfh4IPdqLR9fjqmsNMteSoHkw5Utpse","privKey":"SM/YnGs3peZVQ07j9zkNjJTW3X2OFSwPVXEYHdR34X0="},"lastRemoteEphemeralKey":"Bc8XqpFbBv2brF4fMOp3BO6cpqW9U13iVCU34nFlZuQz","previousCounter":0,"rootKey":"qiGCGtFXvcfZkHWhK7AAijUSAjHpTPR3HxdsTPNUdr0="},"indexInfo":{"baseKey":"BfuxfRHfkWBuHMWfeZRmTRNdA9VfaRIWo5sznAVRNl4w","baseKeyType":2,"closed":-1,"used":1722096759680,"created":1722096759680,"remoteIdentityKey":"Bbx3aySnSWpNz5D8N3q1yD8diVc7Zrj/OeOQ0apdJhF7"},"_chains":{"Bc8XqpFbBv2brF4fMOp3BO6cpqW9U13iVCU34nFlZuQz":{"chainKey":{"counter":1,"key":"sArirUtfSb8H5ode9SWZNSoh0Vdojofkpi2ye3UtAAE="},"chainType":2,"messageKeys":{}},"BT1f9Oldh876kdfh4IPdqLR9fjqmsNMteSoHkw5Utpse":{"chainKey":{"counter":-1,"key":"Hm2HrzjYfXOFXA7KZingkmeMQrmqvnRu+b84ORjJ3Yc="},"chainType":1,"messageKeys":{}}}}},"version":"v1"}