{"_sessions":{"BcRCdbK68/MMogjAqmEWLrKEc1xiIpjkPmMSMjT+A7gH":{"registrationId":792778837,"currentRatchet":{"ephemeralKeyPair":{"pubKey":"BcZVHcIhydDRNNAklSdM6DOtGnmp13FGAPST8CTW8whU","privKey":"sHcplmP3SlJj83p45Jx2X/dTyJz+wVjaLElUIy1WCWg="},"lastRemoteEphemeralKey":"BcoroudoK7jslv8TPvtxvdoe8OAPTiJylDKniniMm/o+","previousCounter":0,"rootKey":"pTSn0hPHpXkNQJBQpDwfRVEb1gMkD8c5xhZYR/rzyOo="},"indexInfo":{"baseKey":"BcRCdbK68/MMogjAqmEWLrKEc1xiIpjkPmMSMjT+A7gH","baseKeyType":2,"closed":-1,"used":1722096759222,"created":1722096759222,"remoteIdentityKey":"BRMAxz82TFBukAbBOIKOTftNDZBKpZ5F6k3rZ8AbBQZc"},"_chains":{"BcoroudoK7jslv8TPvtxvdoe8OAPTiJylDKniniMm/o+":{"chainKey":{"counter":1,"key":"OYSCDhUenKKukYO/PjefGbRA7yZU8Uyx1WRN9tDzWTc="},"chainType":2,"messageKeys":{}},"BcZVHcIhydDRNNAklSdM6DOtGnmp13FGAPST8CTW8whU":{"chainKey":{"counter":-1,"key":"y2GvPB9Eii4aQ+sHsZp4TpGfvzeauh6ahAYIUWxi+cw="},"chainType":1,"messageKeys":{}}}}},"version":"v1"}