{"_sessions":{"Bc4jXwy6kh1uyJyzMcn25iVs15vxkzu6IW8l00DUDQ1A":{"registrationId":1066592829,"currentRatchet":{"ephemeralKeyPair":{"pubKey":"BfSTzZ0kpSs6k5oID7vIEFVVpYy+xZBndd1KLoEIG1oK","privKey":"cIOReDKmwE82BWzJJYMMpY/YOykEIbJSAK0nuMmgm14="},"lastRemoteEphemeralKey":"BUUZH8fG+tOID2OIImT9d9iviRdlMlvSuX1uz6Bu9QdU","previousCounter":0,"rootKey":"Flf1CslEet0zVDCcksUnMUorP+a6CgLKGGyi1yzsrJw="},"indexInfo":{"baseKey":"Bc4jXwy6kh1uyJyzMcn25iVs15vxkzu6IW8l00DUDQ1A","baseKeyType":2,"closed":-1,"used":1722096760323,"created":1722096760323,"remoteIdentityKey":"BSDQjfrvWBKvmyyBacKQDjdjTkV45M/gBd6OfjPstxR5"},"_chains":{"BUUZH8fG+tOID2OIImT9d9iviRdlMlvSuX1uz6Bu9QdU":{"chainKey":{"counter":0,"key":"NMhi9yLzR1xMH/o44ZvTJop2OmZbxhcr+srEfMvgJtA="},"chainType":2,"messageKeys":{}},"BfSTzZ0kpSs6k5oID7vIEFVVpYy+xZBndd1KLoEIG1oK":{"chainKey":{"counter":-1,"key":"RHW7BqgnXQMievmq7vikTYEK0Vc8B0l5tcLc6Gibaq8="},"chainType":1,"messageKeys":{}}}}},"version":"v1"}