{"_sessions":{"BdYKdOuE64Z8Flv8uYZhzI3ISdDn3p3g+nKGbJcExYFB":{"registrationId":1788126728,"currentRatchet":{"ephemeralKeyPair":{"pubKey":"Bda5GeVWNCRi0aFEqi7OukXY6uueNXP3orHETiOd/k1H","privKey":"cMRz4hwLyuWZAjhb4ONT/Lcn4/iuky9M0ZW6c2x8XEc="},"lastRemoteEphemeralKey":"BWgaPa3cKlOGzVRNWt4qfV4GnYaR/znFiY9w1EbNKelf","previousCounter":0,"rootKey":"rrqXnwWnst6TGSXJNxIxqxq1xYlCVSqswLQwUyACRy0="},"indexInfo":{"baseKey":"BdYKdOuE64Z8Flv8uYZhzI3ISdDn3p3g+nKGbJcExYFB","baseKeyType":2,"closed":-1,"used":1722096760136,"created":1722096760136,"remoteIdentityKey":"BT5FsB3Rg31wdvZG9sHrzklNRE9HAP0rjYlEdQ2p9QxR"},"_chains":{"BWgaPa3cKlOGzVRNWt4qfV4GnYaR/znFiY9w1EbNKelf":{"chainKey":{"counter":1,"key":"QiFT4Y0DW09oYflB8O0cGzFScmxzrYdG7l9IUu5hiL8="},"chainType":2,"messageKeys":{}},"Bda5GeVWNCRi0aFEqi7OukXY6uueNXP3orHETiOd/k1H":{"chainKey":{"counter":-1,"key":"J4uyQ56o+RjU5IqqBJ9xSgqZ9q0LfNcmd80NAUM5K3Y="},"chainType":1,"messageKeys":{}}}}},"version":"v1"}