{"_sessions":{"BaXoRNlPDDraNV41wKjJAqyr77aFzvdN2aw23iO6Z3hX":{"registrationId":1220289524,"currentRatchet":{"ephemeralKeyPair":{"pubKey":"BQFz9jzX0h73HUhoP087r9rTxA8dM8KQNb8KNKcjIqh6","privKey":"AKbdJn7hsVLOVfOwtNBKtODI571wMG/9unywvO/OQ0c="},"lastRemoteEphemeralKey":"BcZ6YlRQS1i/v5gZKgukMxKdCYxF9bGYCF3Ld5nPJHhv","previousCounter":0,"rootKey":"xyOqhHXub/Vhs6jYUr/vGP3aeLEyxRmmFZn5HZBNwuM="},"indexInfo":{"baseKey":"BaXoRNlPDDraNV41wKjJAqyr77aFzvdN2aw23iO6Z3hX","baseKeyType":2,"closed":-1,"used":1722096758915,"created":1722096758915,"remoteIdentityKey":"Bf7Q92O4W5/H7NpIwgYQ+d5YLQaDfRN3NZfR14SNl8wp"},"_chains":{"BcZ6YlRQS1i/v5gZKgukMxKdCYxF9bGYCF3Ld5nPJHhv":{"chainKey":{"counter":1,"key":"+a1EJkXmF75ir7W/heSF/lsxmx0t89erebfmCYzpF6o="},"chainType":2,"messageKeys":{}},"BQFz9jzX0h73HUhoP087r9rTxA8dM8KQNb8KNKcjIqh6":{"chainKey":{"counter":-1,"key":"MiI0Ndcmjwq+Kmxo3TGoEVlPhkkmXIp8j6LIY4G4Zko="},"chainType":1,"messageKeys":{}}}}},"version":"v1"}