{"_sessions":{"Bf2a3A0r+LxBPR9Y5KAHwm5fY7a5J1/jxKQ/LNviXOR5":{"registrationId":1493426441,"currentRatchet":{"ephemeralKeyPair":{"pubKey":"BcG7MBAg5LxuTpKnweiKAMbCafXveR+nEzekZ5J3uGY/","privKey":"cHYYdYagJoU9HFLjoeAIGE0WhRvhj4YaIEhM4T2RrmY="},"lastRemoteEphemeralKey":"BfRCg1SHuzDeiS2sGvOYoZ5Z5qogIr/j1HR05476g+Mn","previousCounter":0,"rootKey":"UfayKSdnURPUgThSWXUU7hH7w4kJW+ap2Vozz1CxkYE="},"indexInfo":{"baseKey":"Bf2a3A0r+LxBPR9Y5KAHwm5fY7a5J1/jxKQ/LNviXOR5","baseKeyType":2,"closed":-1,"used":1722096758695,"created":1722096758695,"remoteIdentityKey":"BU6LK8KiEBKGp5So8PnkTUZuf77efs8GcXhQZzvjboA2"},"_chains":{"BfRCg1SHuzDeiS2sGvOYoZ5Z5qogIr/j1HR05476g+Mn":{"chainKey":{"counter":1,"key":"GXfgKqCT6rj/zkeu3neVwq4Rv/KOJk0hL1f1TVmhpqI="},"chainType":2,"messageKeys":{}},"BcG7MBAg5LxuTpKnweiKAMbCafXveR+nEzekZ5J3uGY/":{"chainKey":{"counter":-1,"key":"BzF6dJ6QdTy9cF4jQ7snj7S2ho3vrCgkZ6GirQceS2M="},"chainType":1,"messageKeys":{}}}}},"version":"v1"}