{"_sessions":{"BdcOs2ep19wzR2iXmh9sPoIKvpgDz3IPxBi41bKr2YdT":{"registrationId":722815679,"currentRatchet":{"ephemeralKeyPair":{"pubKey":"BT5S4ZM7q/b8Com2CEYPDGRwTpfJzZxTUBPqTRA5sQhq","privKey":"iHMJM9ZIjNRKhq2bznjZAptE+M1HQXlcWWxTxTQkVVk="},"lastRemoteEphemeralKey":"BbsmqFMin+FlonkHjA23filN5tF74/a42eR26QwaxwwT","previousCounter":0,"rootKey":"MNQ3zoMoxLV5ohd2voPRG0JfxdQ9hA2MagkiAA9ArdU="},"indexInfo":{"baseKey":"BdcOs2ep19wzR2iXmh9sPoIKvpgDz3IPxBi41bKr2YdT","baseKeyType":2,"closed":-1,"used":1722096759066,"created":1722096759066,"remoteIdentityKey":"BY7zRosIFgzlc29QMabKgocYzzqbeQoWYrQx2puZQptp"},"_chains":{"BbsmqFMin+FlonkHjA23filN5tF74/a42eR26QwaxwwT":{"chainKey":{"counter":1,"key":"dCyrneLFgN4u3VhveZF2Ay/5QuuXes0zngPXh6U8Rq4="},"chainType":2,"messageKeys":{}},"BT5S4ZM7q/b8Com2CEYPDGRwTpfJzZxTUBPqTRA5sQhq":{"chainKey":{"counter":-1,"key":"Zu898JUzGMKMqLFvT7CKRlfFk9gYV7TCcunMPQPGRo8="},"chainType":1,"messageKeys":{}}}}},"version":"v1"}