{"_sessions":{"BfjqKfIwx8aHhG+zlhIwECwJJToy9/5oqObwh2eo1KcI":{"registrationId":994227038,"currentRatchet":{"ephemeralKeyPair":{"pubKey":"BS+ZAJ7pT2uV3LQuBOTqkaRTmMt5FnuTsgihzf4hGFZf","privKey":"SBX7wB9zWi1dPCZTWUzrjN26cAf1hCldpyYU55rgKV4="},"lastRemoteEphemeralKey":"BYeJyYg3DsmSfRWRmcdqKxzoqXzOWyHHFPxgP3OuJDsX","previousCounter":0,"rootKey":"4zzm93epkZC1rHdMbRqepCM8iuoPe2EXPldxzRnAZ0U="},"indexInfo":{"baseKey":"BfjqKfIwx8aHhG+zlhIwECwJJToy9/5oqObwh2eo1KcI","baseKeyType":2,"closed":-1,"used":1722096760577,"created":1722096760577,"remoteIdentityKey":"Bf3yFXv5vC4566Z7EylbjBGbELgtPJuUajuKZiPvWgZS"},"_chains":{"BYeJyYg3DsmSfRWRmcdqKxzoqXzOWyHHFPxgP3OuJDsX":{"chainKey":{"counter":0,"key":"c0UqT3qsvGY8pV4bLv/ySyTnEeFtRO8BxCkiVEGSctA="},"chainType":2,"messageKeys":{}},"BS+ZAJ7pT2uV3LQuBOTqkaRTmMt5FnuTsgihzf4hGFZf":{"chainKey":{"counter":-1,"key":"Vo5upsEAx9hRGKoPKzKPS3zYny2L3q8fHP81DpTCt1Q="},"chainType":1,"messageKeys":{}}}}},"version":"v1"}