{"_sessions":{"BQlx5ZqcNcM8cA5EP1kx0w98I8I2A1pf4Sgh1QWMwSUI":{"registrationId":1454755511,"currentRatchet":{"ephemeralKeyPair":{"pubKey":"BXNO5G5nsLN6ZdQ8CygN40Z4dw1Urm9pbjAixOoBLkhu","privKey":"cADJizLs10tBqvHmjm6BJCaC1oh3shr+Pxj4bN0vx3c="},"lastRemoteEphemeralKey":"BbQRX5OsJHCVI8LHnYHVdnVZFIC1vV5jITWhdV3tbLE4","previousCounter":0,"rootKey":"jeOs9B5Y3VQeJLPAZ+By/dfyn0pXQOCQgTWO3+zL4yQ="},"indexInfo":{"baseKey":"BQlx5ZqcNcM8cA5EP1kx0w98I8I2A1pf4Sgh1QWMwSUI","baseKeyType":2,"closed":-1,"used":1722096759186,"created":1722096759186,"remoteIdentityKey":"BV0+dWw3JRfyf36WkxyTkYTw9zfKjULFkYOdbty0N08f"},"_chains":{"BbQRX5OsJHCVI8LHnYHVdnVZFIC1vV5jITWhdV3tbLE4":{"chainKey":{"counter":1,"key":"TuownI+LH2VkFufzdHIHhScWazCQWfoVWPEv5qvwd60="},"chainType":2,"messageKeys":{}},"BXNO5G5nsLN6ZdQ8CygN40Z4dw1Urm9pbjAixOoBLkhu":{"chainKey":{"counter":-1,"key":"VOvvwXynHX5zZYdoOe58YWki5PcIu23r5NvxQBB9GkY="},"chainType":1,"messageKeys":{}}}}},"version":"v1"}