{"_sessions":{"BXG9XlPgkJxOaZfngwmucwiwOSj3V1uReNFA4R1PNmIU":{"registrationId":1848696185,"currentRatchet":{"ephemeralKeyPair":{"pubKey":"BR0R7dSd5DCV0M8MhYdaKl4g1SShwjuoloCMdomNkhsk","privKey":"IL3Upz2jeSfAy6DA4AskdJEDFnz8VWkyvNtk6vHj/0M="},"lastRemoteEphemeralKey":"BbtbrcmOzO9e+O4C10IsB2X4UUAvkwUPBChzRpNt6hU1","previousCounter":0,"rootKey":"Yf12cHK8laFD0KxNkwQvi6/cy08cIk//98auTpp2mV4="},"indexInfo":{"baseKey":"BXG9XlPgkJxOaZfngwmucwiwOSj3V1uReNFA4R1PNmIU","baseKeyType":2,"closed":-1,"used":1722096760202,"created":1722096760202,"remoteIdentityKey":"BWBEBfGFdEZhWzBjDKSwFBnWVWlTzbDQe5SCZyI4CUMO"},"_chains":{"BbtbrcmOzO9e+O4C10IsB2X4UUAvkwUPBChzRpNt6hU1":{"chainKey":{"counter":1,"key":"SDFK5QowjQIQLlUKAjiw2aRUj5TrYt6HANDgBQ82MrQ="},"chainType":2,"messageKeys":{}},"BR0R7dSd5DCV0M8MhYdaKl4g1SShwjuoloCMdomNkhsk":{"chainKey":{"counter":-1,"key":"bBEiJLzMnM+arJtgL8JE+d7oj7a72HOm9ZwJo0d/3bY="},"chainType":1,"messageKeys":{}}}}},"version":"v1"}