{"_sessions":{"BQbelBMJ3fAD+K5ciuAInR1kDGO5BZ3tx/RxFl4i68gK":{"registrationId":1537416378,"currentRatchet":{"ephemeralKeyPair":{"pubKey":"BdPoXWqsiBEfuZD0OY9uFunp9OMSdzabCIHVYNA5dTYI","privKey":"AHLoIrKvJCU5OrvbZatxG1VkqWorMG25F/JfdOO9kXM="},"lastRemoteEphemeralKey":"BRIgEjxq61loFazRpNUz+Z9Yd48PaS+sK3ZVvxnKWLVr","previousCounter":0,"rootKey":"xJhZPq1jnWR92Esitc6064y2N7owfqUbf+BTqFBYksw="},"indexInfo":{"baseKey":"BQbelBMJ3fAD+K5ciuAInR1kDGO5BZ3tx/RxFl4i68gK","baseKeyType":2,"closed":-1,"used":1722096759953,"created":1722096759953,"remoteIdentityKey":"BQ4zbUtWEpi5nW5ln/sruYJimBu+Wbh8isVVNJkaPZJw"},"_chains":{"BRIgEjxq61loFazRpNUz+Z9Yd48PaS+sK3ZVvxnKWLVr":{"chainKey":{"counter":1,"key":"q7aU6TdioFarpBsXjrY6dKfyyaVrJSHcPJtq2RVZJ2g="},"chainType":2,"messageKeys":{}},"BdPoXWqsiBEfuZD0OY9uFunp9OMSdzabCIHVYNA5dTYI":{"chainKey":{"counter":-1,"key":"k1b0EFta5Tgu1iPd1Qn8top0IfSzZctxG+VLajEdIzE="},"chainType":1,"messageKeys":{}}}}},"version":"v1"}