{"_sessions":{"BZ+XuztWrfn7wbK1DY31a7tXfVDZsGaWjYWvg9zJ7RAw":{"registrationId":982163248,"currentRatchet":{"ephemeralKeyPair":{"pubKey":"BXMPjzhRClpQMLEoVgFoEvhynHUhDcCtDa8Z/LdXB5c4","privKey":"yDkLkvOTI+77P40LMJC6dxmN9tBc1eju9hJXAOuTOVo="},"lastRemoteEphemeralKey":"BSop+fNDHgE4t4DaJwKE9hNGMBfa5Io0kWd+NjIKjvUz","previousCounter":0,"rootKey":"1GPZfWcN/CnSevQOjYYkwBJycBfI41vCg6Vu+LRplTA="},"indexInfo":{"baseKey":"BZ+XuztWrfn7wbK1DY31a7tXfVDZsGaWjYWvg9zJ7RAw","baseKeyType":2,"closed":-1,"used":1722096758640,"created":1722096758640,"remoteIdentityKey":"BSLENzC0bDYbpq3apyIyRHlgIxZTm36V+ZJUGtuUyG4F"},"_chains":{"BSop+fNDHgE4t4DaJwKE9hNGMBfa5Io0kWd+NjIKjvUz":{"chainKey":{"counter":1,"key":"wpk/CT3R+Lw82qbgOmjCxu2R9y932sZE0yxaHYvPHc8="},"chainType":2,"messageKeys":{}},"BXMPjzhRClpQMLEoVgFoEvhynHUhDcCtDa8Z/LdXB5c4":{"chainKey":{"counter":-1,"key":"LGFz4YlrZMfeKDoJ484rMPZ0fkpQFeNCfkmqiv6APos="},"chainType":1,"messageKeys":{}}}}},"version":"v1"}