{"_sessions":{"BYnJKYNlUZ5NE3c51NHeAiuDRqllPWEeygF7oJceBdFW":{"registrationId":2100730631,"currentRatchet":{"ephemeralKeyPair":{"pubKey":"BU3VNUYMJS22/yCpwM5Gi9bgxF6E2B5dp9XnDlJiEzQm","privKey":"UF3cwh26zNQDEtobbdFYE4rIqv9HVRQGrkxRlA7fKEE="},"lastRemoteEphemeralKey":"BWqCdUbsg1lG8d5wh/qRGxRKmVFsw6JipeIZGnuDea40","previousCounter":0,"rootKey":"o9J8z9lnwCbaAeK2EUTYRypddPYtJ+mstAAXRZKt5fg="},"indexInfo":{"baseKey":"BYnJKYNlUZ5NE3c51NHeAiuDRqllPWEeygF7oJceBdFW","baseKeyType":2,"closed":-1,"used":1722096758086,"created":1722096758086,"remoteIdentityKey":"Be/6Oo8RPSEWIaIp951EjzEzd09O1k0ezzUHc8bGydJa"},"_chains":{"BWqCdUbsg1lG8d5wh/qRGxRKmVFsw6JipeIZGnuDea40":{"chainKey":{"counter":13,"key":"N/mJgAPGmz8XCpxS0aqVh4CZcknZVBcBWTxWqSTOmHI="},"chainType":2,"messageKeys":{"0":"RNUs9awfxA6MYeqaxEp36fD8SrxdyTKqaE1ROyc2v0I=","3":"90S1UwOA74bHyrefehzLl2A2Q456E1yW97offEaFies=","5":"vh89P00UJU/RzGraJ3QHzJdvCJKFiLes+JlZA4bGJnM=","7":"kfQhVpuSL/Cj+YIB0GQv6Fsu7TAOPZ4sHOkini83G54="}},"BU3VNUYMJS22/yCpwM5Gi9bgxF6E2B5dp9XnDlJiEzQm":{"chainKey":{"counter":-1,"key":"/0ybQmNBGmVeqMFbugG0+N3UkRNseJen98M1qKtJ55c="},"chainType":1,"messageKeys":{}}}}},"version":"v1"}