{"_sessions":{"Bb8nMUPqMvSxxlIFN6/ci39opm01huDFxlXOC0oUpo8l":{"registrationId":927697857,"currentRatchet":{"ephemeralKeyPair":{"pubKey":"BS+cApGoFIv6k7DDQKQGuhA8eoNGzPveMfj7uOxFjOUo","privKey":"yCvj5DAbi1w7lINkMFllpi6uBy02WzlbFsMNnMpdClc="},"lastRemoteEphemeralKey":"BadIgXxCkRsi2N8dABSStQ5CiERp5mBGH4Nz4t5ayhgR","previousCounter":0,"rootKey":"vtVXoAjE/leJy8Hh64JGF98bYJYNjQlLS+1vgz/4opE="},"indexInfo":{"baseKey":"Bb8nMUPqMvSxxlIFN6/ci39opm01huDFxlXOC0oUpo8l","baseKeyType":2,"closed":-1,"used":1722096759635,"created":1722096759635,"remoteIdentityKey":"BT5X9j3fqdybhbR5FgCStlyGsj/RMmjL/O1wHCRVClJH"},"_chains":{"BadIgXxCkRsi2N8dABSStQ5CiERp5mBGH4Nz4t5ayhgR":{"chainKey":{"counter":3,"key":"Fb7+h8HzyfMMTw1McNJN5lyoqSns9CiAklgynQkKPxE="},"chainType":2,"messageKeys":{}},"BS+cApGoFIv6k7DDQKQGuhA8eoNGzPveMfj7uOxFjOUo":{"chainKey":{"counter":-1,"key":"9/R0cySFSOt2wf17YOGx11KiQ68Cwq3G+0hdIAeiDI8="},"chainType":1,"messageKeys":{}}}}},"version":"v1"}