{"_sessions":{"BUP/DFdwDO2yp06FOQGokK6dTfvlC7d+gBWDyu76Epw/":{"registrationId":128322150,"currentRatchet":{"ephemeralKeyPair":{"pubKey":"Bf8C0jTkDQg4GR8l1XoVPdcVzbDP1WvOZAluVYhqQlhx","privKey":"sEfBrXkB+9FD7LoU9kUMUxDMyGjf9NGMNTZ7/yRihVQ="},"lastRemoteEphemeralKey":"BUk0FDUBAj4M8JhflHYzcVxkYWevrjcxMB9lSUaLSUcA","previousCounter":0,"rootKey":"gP08oy+sxGYoBpF+fWi8jXSY4ISpDhbE03AGLO/flPc="},"indexInfo":{"baseKey":"BUP/DFdwDO2yp06FOQGokK6dTfvlC7d+gBWDyu76Epw/","baseKeyType":2,"closed":-1,"used":1722096758647,"created":1722096758647,"remoteIdentityKey":"BVf7opfxIkEHQ0ymgX/KzkGp+drEw1sEcKZF+OyMYqEC"},"_chains":{"BUk0FDUBAj4M8JhflHYzcVxkYWevrjcxMB9lSUaLSUcA":{"chainKey":{"counter":1,"key":"LVYkNIKjFkJAvPVfH0O46LXnitTsVUFbqP78J7o3LfI="},"chainType":2,"messageKeys":{}},"Bf8C0jTkDQg4GR8l1XoVPdcVzbDP1WvOZAluVYhqQlhx":{"chainKey":{"counter":-1,"key":"5OmNUk65cBvcK5t+35ASC2CBHlGEEuwxkohvtmK8omw="},"chainType":1,"messageKeys":{}}}}},"version":"v1"}