{"_sessions":{"BSTm4OkKS5+OBA3vT8JUc202chs9T2+/LNe+NjQhZrRy":{"registrationId":274184633,"currentRatchet":{"ephemeralKeyPair":{"pubKey":"BX2l1WGCQ0aGebZkPt94D6yLigVrD/VM819qvr8BNGJI","privKey":"WP6DGrM5L5YHLQzwKtxqn1xsS39SFrh/a1eCyqLRtHE="},"lastRemoteEphemeralKey":"BYALODB90dCyc1ZyYqBzNuT6l1w7VvpNcvZQLGMWUNtO","previousCounter":0,"rootKey":"3cSijHiYHBWu2mbxC8M/3j1QwJmDpLaEtY3dpUsm3uM="},"indexInfo":{"baseKey":"BSTm4OkKS5+OBA3vT8JUc202chs9T2+/LNe+NjQhZrRy","baseKeyType":2,"closed":-1,"used":1722096758687,"created":1722096758687,"remoteIdentityKey":"Baah+/Cz1dQ3UuOeu7jvMURnCNlDpYfnUe1SN2dLc2tL"},"_chains":{"BYALODB90dCyc1ZyYqBzNuT6l1w7VvpNcvZQLGMWUNtO":{"chainKey":{"counter":2,"key":"VBdWL53qH/us7duDcELWVTBv3tGJWluT8sMmoCsbyyo="},"chainType":2,"messageKeys":{}},"BX2l1WGCQ0aGebZkPt94D6yLigVrD/VM819qvr8BNGJI":{"chainKey":{"counter":-1,"key":"AZkmJFtIl8y6A/+FKThH50zK/dgYcxTzcO+fttXfxaE="},"chainType":1,"messageKeys":{}}}}},"version":"v1"}