{"_sessions":{"BWWtkFKF2T4RmyH15DSvXH1GvWSLyQqJ6Cb66GdS468o":{"registrationId":1073391148,"currentRatchet":{"ephemeralKeyPair":{"pubKey":"BWMAbp6JauL8Pd4nRpFg3J5A2CZtohLrmepz0VagQWw7","privKey":"KNDJcsujJKZLc/ISdM3Ckmrg1eeUU6kbckI++zx+j0I="},"lastRemoteEphemeralKey":"BQAkXb9mRBk3ojUmXY7W3NiET6RnAuoSppXLxld0M8FG","previousCounter":0,"rootKey":"2Jod3pU5A+nsyRjlnOsuRFq2GYYW0kKwr3pJJ2HKuIA="},"indexInfo":{"baseKey":"BWWtkFKF2T4RmyH15DSvXH1GvWSLyQqJ6Cb66GdS468o","baseKeyType":2,"closed":-1,"used":1722096758439,"created":1722096758439,"remoteIdentityKey":"BYZgn0LWZmblwSDh2ndRH9ouY3cI6rGxYAiljPb2qvM/"},"_chains":{"BQAkXb9mRBk3ojUmXY7W3NiET6RnAuoSppXLxld0M8FG":{"chainKey":{"counter":13,"key":"vdNofJEMi9ntlOa5yRkT3oEZwbBSTxlpLlmT81fBUtE="},"chainType":2,"messageKeys":{"1":"awSMr1eVhhdwzaw8oQeAl114hNZOBzO8WzZGKd4N2GQ=","2":"ulS2+h3AB3has2a/CUB59fpO9hG8pl0gKr65xKI/das=","4":"zp/B2aq5QZiMeld7ZOmpHgSTURvguSCk/NzkRl1f8NU=","6":"PRsY0Dm5v7xUllXdEQDwGfMSaZFkkJt7gAqhQmy8gBA="}},"BWMAbp6JauL8Pd4nRpFg3J5A2CZtohLrmepz0VagQWw7":{"chainKey":{"counter":-1,"key":"ywQQ/NMwuGcAxOqugoWZGgKyIPCdsuaWD2eua8ya1qE="},"chainType":1,"messageKeys":{}}}}},"version":"v1"}