{"_sessions":{"BfPIWRKSxOvtZLvZ/n+MRWkQtTpahfGHboGJEkMME3gj":{"registrationId":418651458,"currentRatchet":{"ephemeralKeyPair":{"pubKey":"BeJ0gQjHCsQD4K61wBbWUCXvZ1RD5xoLEFw2naxQ8RhT","privKey":"+Chrs2QrwIWquj+icLSziD40TbLP+gImAbOzYlrUKFM="},"lastRemoteEphemeralKey":"BeZuyjGmSL4aCzn6Gtk/Tq5xH80yb2TkJoT3gS3Itvt3","previousCounter":0,"rootKey":"iuBHsTFmZOc0PLJuHyn6NVK0QyJD8S6irhKbQpqnqYo="},"indexInfo":{"baseKey":"BfPIWRKSxOvtZLvZ/n+MRWkQtTpahfGHboGJEkMME3gj","baseKeyType":2,"closed":-1,"used":1722096759728,"created":1722096759728,"remoteIdentityKey":"BdohZc0DLW9X8QN5iEtbdFJ8q90IlsCFQ8FJydk7xldW"},"_chains":{"BeZuyjGmSL4aCzn6Gtk/Tq5xH80yb2TkJoT3gS3Itvt3":{"chainKey":{"counter":1,"key":"WzjEYlb7TGl23FAmzwfnUoxQlC3RdlmqBW/7a7vo3fs="},"chainType":2,"messageKeys":{}},"BeJ0gQjHCsQD4K61wBbWUCXvZ1RD5xoLEFw2naxQ8RhT":{"chainKey":{"counter":-1,"key":"HAHkHrX4W35YQfO6mGqqYRHS7CckfkXts0wp3s7Ir44="},"chainType":1,"messageKeys":{}}}}},"version":"v1"}