{"_sessions":{"BZPmNlXTQx287Vwmx8MySaQb/5DAmOlvvNN+mLaEZ3kn":{"registrationId":434041146,"currentRatchet":{"ephemeralKeyPair":{"pubKey":"BbtKPlvK1ERbSBb7borkhWPH9QYG6tsUEiMI+B6+vapt","privKey":"AKUz+7H7gJNY8iXczQJ+tRUeRSmtbTrH2cN89PGylFs="},"lastRemoteEphemeralKey":"BQ8ae5hiifwbGdoKcq4S+TRcsutGw5u3Epj0Eapwpvlv","previousCounter":0,"rootKey":"M3VKRdjm+E6zv+tSlrD+JQiwWxkNDn3KxvHS2Uzz6XA="},"indexInfo":{"baseKey":"BZPmNlXTQx287Vwmx8MySaQb/5DAmOlvvNN+mLaEZ3kn","baseKeyType":2,"closed":-1,"used":1722096758842,"created":1722096758842,"remoteIdentityKey":"BS+YMDvzWF4Dp3SQud46JTxU7ZL+dLBzfCiAD3EssHAG"},"_chains":{"BQ8ae5hiifwbGdoKcq4S+TRcsutGw5u3Epj0Eapwpvlv":{"chainKey":{"counter":1,"key":"m+xF7xPHmGM/bF0PQDXTQTwc+/tQ8ouH54h/Jh32mzc="},"chainType":2,"messageKeys":{}},"BbtKPlvK1ERbSBb7borkhWPH9QYG6tsUEiMI+B6+vapt":{"chainKey":{"counter":-1,"key":"UbtLc64LwsLwUu3GC7b3XnWsoxoAguqo1W+KXh+g7UE="},"chainType":1,"messageKeys":{}}}}},"version":"v1"}