{"_sessions":{"BauVXcMofqhdSA8G4HCtqcv6V2CRqHxhYbnlI428Bn1N":{"registrationId":1703593675,"currentRatchet":{"ephemeralKeyPair":{"pubKey":"BcrI4950VjRb/uLaqBN42eNOjB09SqnM3zeoUWOULYQa","privKey":"EEwcC1MqTj9euKwF/dbWQj2ZGrgjkDSu4ykBk9qk1n0="},"lastRemoteEphemeralKey":"Bfw2Ml/GP9TAZIfRYX4DrDbCH4ydqCivKdj1TypP0dBL","previousCounter":0,"rootKey":"4XktqeivQ+QGHUGcFZnhKJVFK/FG+OrbFRAbIEqUi6M="},"indexInfo":{"baseKey":"BauVXcMofqhdSA8G4HCtqcv6V2CRqHxhYbnlI428Bn1N","baseKeyType":2,"closed":-1,"used":1722096765053,"created":1722096765053,"remoteIdentityKey":"BRJWtSqh8wpRa48hez47YmtS/P7/Kz38ZmMPJDlIOHQK"},"_chains":{"Bfw2Ml/GP9TAZIfRYX4DrDbCH4ydqCivKdj1TypP0dBL":{"chainKey":{"counter":0,"key":"dDPhkHb67/e//09DC0SZV0Vme/vYWYYgH3ebX8SkbzA="},"chainType":2,"messageKeys":{}},"BcrI4950VjRb/uLaqBN42eNOjB09SqnM3zeoUWOULYQa":{"chainKey":{"counter":-1,"key":"VzY65gTVOR/uBSscp/PeYMgeiDRdcYJbvr8SvLjGLzg="},"chainType":1,"messageKeys":{}}}}},"version":"v1"}