{"_sessions":{"BXvurS3QKdloLe/+SbE8NuOefJf6HP8DmPXDbOJytYk3":{"registrationId":446881076,"currentRatchet":{"ephemeralKeyPair":{"pubKey":"BfVAOtmSymIMqVtBYcl2yV+ihUk4wi8cikzClbF0b6VQ","privKey":"6MZ+tc78Lxp4SDWnp8x/cBxUQVFBNNxmVAM4/oqYnFE="},"lastRemoteEphemeralKey":"BbO2PkSKcoVz9GS3iH4DqS1xq97qst7EdHGFJqrc4Slb","previousCounter":0,"rootKey":"gOCoIrd5mPfKendsTV/lmKorZTUzFA4bjV9D5uqFVHY="},"indexInfo":{"baseKey":"BXvurS3QKdloLe/+SbE8NuOefJf6HP8DmPXDbOJytYk3","baseKeyType":2,"closed":-1,"used":1722096758654,"created":1722096758654,"remoteIdentityKey":"BWJtVDTmg8DvJOSKWmlgK+WU/mNp1TxUmNg2UsGPjEpL"},"_chains":{"BbO2PkSKcoVz9GS3iH4DqS1xq97qst7EdHGFJqrc4Slb":{"chainKey":{"counter":1,"key":"UtMhcZdnfETTzHXVwCYb9rCK51SKlVo+oCRmNI+jXNA="},"chainType":2,"messageKeys":{}},"BfVAOtmSymIMqVtBYcl2yV+ihUk4wi8cikzClbF0b6VQ":{"chainKey":{"counter":-1,"key":"JVY6fEOW6kCgHvQJIIY8+/WIyD0lkf+iBGnquKc1ZZ8="},"chainType":1,"messageKeys":{}}}}},"version":"v1"}