{"_sessions":{"BWOTotSJjxDMdJm+tF78pyBJdD/QoHQxwEt76LgfWwkw":{"registrationId":853143207,"currentRatchet":{"ephemeralKeyPair":{"pubKey":"Bd8S8BiHJbS0wCYKqHB02bmiThcyYtyx1RropTsgwu1B","privKey":"2DLq+7B6PT14R+ll9kHbNWiI8W4SU6RbtgU7yFOGyHk="},"lastRemoteEphemeralKey":"BVmPWa+hsEd2/8l99txqpvU3h5EoITKTmgznmON6csEq","previousCounter":0,"rootKey":"CNpSNrsfV9w1AGPm6d5LkytacSL7BYt5rfCLk65WX70="},"indexInfo":{"baseKey":"BWOTotSJjxDMdJm+tF78pyBJdD/QoHQxwEt76LgfWwkw","baseKeyType":2,"closed":-1,"used":1722096759592,"created":1722096759592,"remoteIdentityKey":"Bf8SCdlGelBrgpi8PI26FLDIBcZ+VUZx+bZLC4+CI+Z8"},"_chains":{"BVmPWa+hsEd2/8l99txqpvU3h5EoITKTmgznmON6csEq":{"chainKey":{"counter":1,"key":"XfcaegmVQeWP9IOGD7NNWHCFn8qeWlEcu8dV+FDkN58="},"chainType":2,"messageKeys":{}},"Bd8S8BiHJbS0wCYKqHB02bmiThcyYtyx1RropTsgwu1B":{"chainKey":{"counter":-1,"key":"0zCX64SIZP2KYiwa1J/kVI/FZYvRlVyoGJ+SMVED29U="},"chainType":1,"messageKeys":{}}}}},"version":"v1"}