{"_sessions":{"BVBDLLujsoL8UaA15j+CRd/ff9dDdlvBniJDMtQhxsAx":{"registrationId":1072059033,"currentRatchet":{"ephemeralKeyPair":{"pubKey":"BZNiy2CBDBd/xmkE9OWwpyrv95PT/UtGF8+iBwkVlCkl","privKey":"IHIcfENioRQMqy+xzk40BWupUk+t2On570XtCCZZWkA="},"lastRemoteEphemeralKey":"BWSSeJJ2FD4y4IU0st6RNLTMUnufDwIbaHVXWpbpdLcC","previousCounter":0,"rootKey":"znitM9UGpsOOJWGkrHjoIzY98Ka3iKa4vA6F75hPAEw="},"indexInfo":{"baseKey":"BVBDLLujsoL8UaA15j+CRd/ff9dDdlvBniJDMtQhxsAx","baseKeyType":2,"closed":-1,"used":1722096764965,"created":1722096764965,"remoteIdentityKey":"BWcDpqN7XNN5SRzP5eumRW5QjRGn4GAXGVgdWndhM5NX"},"_chains":{"BWSSeJJ2FD4y4IU0st6RNLTMUnufDwIbaHVXWpbpdLcC":{"chainKey":{"counter":0,"key":"X8+DC/jMZGxksMZOaWvvv89/QupGjPccgdPsdbufisY="},"chainType":2,"messageKeys":{}},"BZNiy2CBDBd/xmkE9OWwpyrv95PT/UtGF8+iBwkVlCkl":{"chainKey":{"counter":-1,"key":"EO8LLlzXdTJyCp7+GHxkMyCsswiGIyDQki7cM7Q66Bs="},"chainType":1,"messageKeys":{}}}}},"version":"v1"}