{"_sessions":{"BdSQW+9yiFdSCYckv++Q49ye80SM0n0qjI2Tr4NzfpgW":{"registrationId":278651209,"currentRatchet":{"ephemeralKeyPair":{"pubKey":"BdxotWaoFiAbRyH1+/zPm02QGM63+NU7LZ/qxDBSnoAu","privKey":"sPRxO1DTizcM92zZI8SrbpcesrO5bYJ2Cz98LGN50G8="},"lastRemoteEphemeralKey":"BeJxuSveskRfa23XtVOHPUPoNdgmydHx3U9RSEyruCRL","previousCounter":0,"rootKey":"56Wd2bdnZXk4LjB6e+TRm/XcT2Jr+atCgNCai01g0EE="},"indexInfo":{"baseKey":"BdSQW+9yiFdSCYckv++Q49ye80SM0n0qjI2Tr4NzfpgW","baseKeyType":2,"closed":-1,"used":1722096760601,"created":1722096760601,"remoteIdentityKey":"BcQQR5g/EEnOhYAgOjlbALbGrmwxLI9o/3i1RZLPlMdt"},"_chains":{"BeJxuSveskRfa23XtVOHPUPoNdgmydHx3U9RSEyruCRL":{"chainKey":{"counter":1,"key":"Zu/HMnYhpziwZ4Q8N4QcExnYtVJdHQNwi85O7HiPrII="},"chainType":2,"messageKeys":{}},"BdxotWaoFiAbRyH1+/zPm02QGM63+NU7LZ/qxDBSnoAu":{"chainKey":{"counter":-1,"key":"0cK7Joj/+q6i5YM8YlmzTUCn7ZdjYNQMgAkJfp28KAQ="},"chainType":1,"messageKeys":{}}}}},"version":"v1"}